,amecaji,TOP_RGB,BOTTOM_RGB,path
0,,"(45, 53, 56)","(81, 76, 73)",amecaji_images/1_0.webp
1,,"(79, 76, 70)","(165, 142, 130)",amecaji_images/1_1.webp
2,,"(110, 107, 100)","(102, 88, 75)",amecaji_images/1_2.webp
3,,"(101, 118, 162)","(169, 152, 139)",amecaji_images/1_3.webp
4,,"(69, 64, 54)","(41, 39, 37)",amecaji_images/1_4.webp
5,,"(37, 41, 55)","(54, 55, 62)",amecaji_images/1_5.webp
6,,"(93, 95, 107)","(101, 103, 118)",amecaji_images/1_6.webp
7,,"(91, 114, 143)","(135, 159, 186)",amecaji_images/1_7.webp
8,,"(82, 107, 147)","(150, 158, 186)",amecaji_images/1_8.webp
9,,"(94, 70, 56)","(55, 59, 69)",amecaji_images/1_9.webp
10,,"(147, 150, 149)","(75, 74, 75)",amecaji_images/1_10.webp
11,,"(40, 43, 48)","(53, 59, 75)",amecaji_images/1_11.webp
12,,"(49, 56, 68)","(59, 55, 55)",amecaji_images/1_12.webp
13,,"(75, 78, 95)","(85, 94, 113)",amecaji_images/1_13.webp
14,,"(46, 47, 49)","(152, 149, 148)",amecaji_images/1_14.webp
15,,"(111, 118, 152)","(94, 84, 90)",amecaji_images/1_15.webp
16,,"(90, 87, 81)","(53, 76, 102)",amecaji_images/1_16.webp
17,,"(131, 124, 115)","(159, 151, 140)",amecaji_images/1_17.webp
18,,"(34, 34, 37)","(52, 59, 54)",amecaji_images/1_18.webp
19,,"(111, 109, 117)","(113, 125, 128)",amecaji_images/1_19.webp
20,,"(48, 59, 91)","(86, 81, 93)",amecaji_images/1_20.webp
21,,"(85, 77, 74)","(99, 81, 86)",amecaji_images/1_21.webp
22,,"(90, 52, 66)","(64, 59, 72)",amecaji_images/1_22.webp
23,,"(117, 95, 98)","(125, 121, 133)",amecaji_images/1_23.webp
24,,"(70, 80, 105)","(81, 92, 114)",amecaji_images/1_24.webp
25,,"(63, 65, 74)","(125, 129, 133)",amecaji_images/1_25.webp
26,,"(67, 60, 59)","(65, 75, 93)",amecaji_images/1_26.webp
27,,"(118, 140, 169)","(122, 135, 162)",amecaji_images/1_27.webp
28,,"(129, 117, 107)","(96, 92, 84)",amecaji_images/1_28.webp
29,,"(62, 66, 69)",,amecaji_images/1_29.webp
30,,"(60, 87, 131)","(89, 136, 179)",amecaji_images/1_30.webp
31,,"(61, 60, 54)","(163, 131, 96)",amecaji_images/1_31.webp
32,,"(99, 102, 91)","(107, 97, 88)",amecaji_images/1_32.webp
33,,"(21, 45, 76)","(135, 105, 85)",amecaji_images/1_34.webp
34,,"(76, 81, 94)","(68, 74, 88)",amecaji_images/1_35.webp
35,,"(80, 84, 105)","(49, 52, 69)",amecaji_images/1_36.webp
36,,"(39, 38, 41)","(30, 30, 33)",amecaji_images/1_37.webp
37,,"(52, 56, 62)","(66, 66, 71)",amecaji_images/1_38.webp
38,,"(60, 70, 68)","(46, 52, 54)",amecaji_images/1_39.webp
39,,"(114, 76, 48)","(143, 114, 94)",amecaji_images/1_40.webp
40,,"(111, 101, 97)","(174, 153, 132)",amecaji_images/1_41.webp
41,,"(46, 67, 96)","(68, 74, 95)",amecaji_images/1_42.webp
42,,"(80, 71, 74)","(45, 84, 137)",amecaji_images/1_43.webp
43,,"(56, 56, 60)","(47, 46, 47)",amecaji_images/1_44.webp
44,,"(93, 88, 93)","(94, 88, 91)",amecaji_images/1_45.webp
45,,"(55, 74, 104)","(89, 103, 123)",amecaji_images/1_46.webp
46,,"(91, 106, 135)","(140, 156, 188)",amecaji_images/1_47.webp
47,,"(109, 97, 95)","(147, 143, 151)",amecaji_images/1_48.webp
48,,"(92, 92, 104)","(78, 119, 156)",amecaji_images/1_49.webp
49,,"(75, 76, 87)","(75, 79, 89)",amecaji_images/1_50.webp
50,,"(87, 107, 141)","(97, 106, 131)",amecaji_images/1_51.webp
51,,"(77, 71, 70)","(105, 97, 104)",amecaji_images/1_52.webp
52,,"(49, 52, 65)","(84, 81, 87)",amecaji_images/1_53.webp
53,,"(49, 53, 62)","(92, 82, 78)",amecaji_images/1_54.webp
54,,"(115, 89, 87)","(87, 79, 77)",amecaji_images/1_55.webp
55,,"(123, 140, 177)","(131, 140, 170)",amecaji_images/1_56.webp
56,,"(54, 55, 59)","(152, 151, 160)",amecaji_images/1_57.webp
57,,"(60, 68, 91)","(95, 97, 111)",amecaji_images/1_58.webp
58,,"(91, 85, 104)","(65, 83, 126)",amecaji_images/1_59.webp
59,,"(122, 141, 158)","(121, 133, 136)",amecaji_images/2_0.webp
60,,"(145, 150, 157)","(101, 121, 145)",amecaji_images/2_1.webp
61,,"(96, 106, 117)","(198, 189, 195)",amecaji_images/2_2.webp
62,,"(71, 69, 92)","(91, 92, 110)",amecaji_images/2_3.webp
63,,"(113, 130, 148)","(121, 137, 121)",amecaji_images/2_4.webp
64,,"(120, 166, 202)","(120, 176, 217)",amecaji_images/2_5.webp
65,,"(92, 87, 93)","(88, 80, 86)",amecaji_images/2_6.webp
66,,"(107, 126, 146)","(97, 114, 123)",amecaji_images/2_7.webp
67,,"(37, 44, 76)","(211, 203, 222)",amecaji_images/2_8.webp
68,,"(133, 119, 106)","(143, 128, 115)",amecaji_images/2_9.webp
69,,"(171, 145, 168)","(82, 100, 104)",amecaji_images/2_10.webp
70,,"(53, 61, 85)","(53, 68, 99)",amecaji_images/2_11.webp
71,,"(96, 100, 110)","(30, 31, 42)",amecaji_images/2_12.webp
72,,"(113, 122, 136)","(97, 106, 115)",amecaji_images/2_13.webp
73,,"(174, 119, 115)","(124, 137, 159)",amecaji_images/2_14.webp
74,,"(35, 32, 33)","(39, 37, 38)",amecaji_images/2_15.webp
75,,"(68, 75, 107)","(95, 91, 118)",amecaji_images/2_16.webp
76,,"(92, 119, 165)","(105, 122, 156)",amecaji_images/2_17.webp
77,,"(35, 45, 76)","(88, 115, 159)",amecaji_images/2_18.webp
78,,"(65, 68, 72)","(42, 48, 56)",amecaji_images/2_19.webp
79,,"(92, 88, 92)","(70, 63, 55)",amecaji_images/2_20.webp
80,,"(90, 73, 58)","(130, 116, 105)",amecaji_images/2_21.webp
81,,"(52, 53, 75)","(78, 76, 92)",amecaji_images/2_22.webp
82,,"(148, 149, 161)","(109, 119, 136)",amecaji_images/2_23.webp
83,,"(121, 99, 88)","(133, 110, 91)",amecaji_images/2_24.webp
84,,"(85, 86, 104)","(84, 82, 98)",amecaji_images/2_25.webp
85,,"(44, 46, 50)",,amecaji_images/2_26.webp
86,,"(114, 104, 90)","(83, 95, 107)",amecaji_images/2_27.webp
87,,"(59, 74, 95)","(51, 56, 65)",amecaji_images/2_28.webp
88,,"(147, 114, 92)","(74, 85, 104)",amecaji_images/2_29.webp
89,,"(140, 128, 107)","(94, 114, 139)",amecaji_images/2_30.webp
90,,"(30, 39, 48)","(79, 79, 67)",amecaji_images/2_31.webp
91,,"(126, 116, 98)","(126, 113, 103)",amecaji_images/2_32.webp
92,,"(73, 68, 52)","(90, 87, 82)",amecaji_images/2_33.webp
93,,"(93, 92, 79)","(47, 50, 58)",amecaji_images/2_34.webp
94,,"(139, 85, 69)","(84, 87, 103)",amecaji_images/2_35.webp
95,,"(132, 97, 73)","(89, 99, 113)",amecaji_images/2_36.webp
96,,"(151, 134, 111)","(41, 48, 57)",amecaji_images/2_37.webp
97,,"(99, 94, 94)","(131, 109, 90)",amecaji_images/2_38.webp
98,,"(72, 68, 70)","(63, 58, 56)",amecaji_images/2_39.webp
99,,"(21, 24, 39)","(49, 41, 49)",amecaji_images/2_40.webp
100,,"(86, 93, 111)","(51, 59, 69)",amecaji_images/2_41.webp
101,,"(91, 83, 92)","(57, 60, 85)",amecaji_images/2_42.webp
102,,"(203, 201, 197)","(64, 82, 88)",amecaji_images/2_43.webp
103,,"(53, 49, 49)","(92, 89, 83)",amecaji_images/2_44.webp
104,,"(84, 83, 99)","(83, 80, 90)",amecaji_images/2_45.webp
105,,"(28, 27, 29)","(47, 45, 45)",amecaji_images/2_46.webp
106,,"(62, 74, 91)","(51, 52, 63)",amecaji_images/2_47.webp
107,,"(107, 132, 147)","(130, 150, 158)",amecaji_images/2_48.webp
108,,"(82, 70, 87)","(54, 57, 76)",amecaji_images/2_49.webp
109,,"(64, 68, 83)","(59, 67, 84)",amecaji_images/2_50.webp
110,,"(128, 133, 137)","(113, 73, 51)",amecaji_images/2_51.webp
111,,"(43, 46, 57)","(48, 48, 57)",amecaji_images/2_52.webp
112,,"(42, 46, 60)","(31, 54, 60)",amecaji_images/2_53.webp
113,,"(104, 102, 100)","(132, 129, 124)",amecaji_images/2_54.webp
114,,"(135, 122, 110)","(148, 133, 126)",amecaji_images/2_55.webp
115,,"(121, 117, 119)","(122, 118, 95)",amecaji_images/2_56.webp
116,,"(97, 87, 79)","(107, 96, 102)",amecaji_images/2_57.webp
117,,"(55, 56, 67)","(58, 56, 67)",amecaji_images/2_58.webp
118,,"(102, 98, 83)","(143, 138, 125)",amecaji_images/2_59.webp
119,,"(102, 98, 83)","(143, 138, 125)",amecaji_images/3_0.webp
120,,"(79, 81, 64)","(113, 99, 110)",amecaji_images/3_1.webp
121,,"(175, 167, 159)","(41, 39, 38)",amecaji_images/3_2.webp
122,,"(104, 108, 128)","(89, 89, 91)",amecaji_images/3_3.webp
123,,"(49, 46, 50)","(83, 79, 84)",amecaji_images/3_4.webp
124,,"(165, 142, 117)","(152, 151, 151)",amecaji_images/3_5.webp
125,,"(67, 62, 59)","(171, 158, 145)",amecaji_images/3_6.webp
126,,"(111, 88, 53)","(167, 161, 146)",amecaji_images/3_7.webp
127,,"(199, 189, 183)","(64, 64, 66)",amecaji_images/3_8.webp
128,,"(68, 68, 76)","(127, 121, 129)",amecaji_images/3_9.webp
129,,"(197, 196, 179)","(93, 95, 78)",amecaji_images/3_10.webp
130,,"(124, 117, 108)","(116, 108, 97)",amecaji_images/3_11.webp
131,,"(138, 121, 98)","(82, 80, 78)",amecaji_images/3_12.webp
132,,"(53, 65, 90)","(95, 106, 115)",amecaji_images/3_13.webp
133,,"(145, 128, 121)","(62, 62, 56)",amecaji_images/3_14.webp
134,,"(147, 126, 124)","(162, 145, 140)",amecaji_images/3_15.webp
135,,"(64, 62, 67)","(126, 119, 106)",amecaji_images/3_16.webp
136,,"(144, 144, 153)","(101, 91, 74)",amecaji_images/3_17.webp
137,,"(89, 86, 90)","(106, 99, 87)",amecaji_images/3_18.webp
138,,"(153, 150, 158)","(176, 155, 145)",amecaji_images/3_19.webp
139,,"(120, 109, 98)","(108, 105, 109)",amecaji_images/3_20.webp
140,,"(72, 75, 100)","(70, 72, 95)",amecaji_images/3_21.webp
141,,"(155, 134, 111)","(43, 69, 94)",amecaji_images/3_22.webp
142,,"(202, 188, 177)","(145, 132, 119)",amecaji_images/3_23.webp
143,,"(109, 114, 131)","(115, 127, 151)",amecaji_images/3_24.webp
144,,"(132, 126, 121)","(67, 88, 115)",amecaji_images/3_25.webp
145,,"(77, 82, 88)","(70, 71, 76)",amecaji_images/3_26.webp
146,,"(110, 98, 96)","(180, 177, 173)",amecaji_images/3_27.webp
147,,"(122, 143, 183)","(124, 144, 180)",amecaji_images/3_29.webp
148,,"(77, 81, 100)","(96, 105, 130)",amecaji_images/3_30.webp
149,,"(34, 42, 48)","(74, 78, 79)",amecaji_images/3_31.webp
150,,"(142, 160, 170)","(114, 128, 128)",amecaji_images/3_32.webp
151,,"(165, 148, 128)","(92, 100, 101)",amecaji_images/3_33.webp
152,,"(68, 68, 66)",,amecaji_images/3_34.webp
153,,"(42, 47, 61)","(176, 140, 116)",amecaji_images/3_35.webp
154,,"(58, 50, 41)","(106, 101, 95)",amecaji_images/3_36.webp
155,,"(101, 79, 75)","(50, 48, 56)",amecaji_images/3_37.webp
156,,"(74, 72, 69)","(131, 129, 114)",amecaji_images/3_38.webp
157,,"(121, 109, 106)","(90, 75, 74)",amecaji_images/3_39.webp
158,,"(31, 32, 35)","(73, 84, 90)",amecaji_images/3_40.webp
159,,"(143, 114, 84)","(58, 55, 53)",amecaji_images/3_41.webp
160,,"(200, 198, 182)","(198, 197, 183)",amecaji_images/3_42.webp
161,,"(55, 65, 70)","(118, 111, 100)",amecaji_images/3_43.webp
162,,"(54, 54, 52)","(143, 135, 131)",amecaji_images/3_44.webp
163,,"(97, 112, 128)","(49, 49, 56)",amecaji_images/3_45.webp
164,,"(199, 203, 195)","(190, 130, 60)",amecaji_images/3_46.webp
165,,"(44, 43, 42)","(68, 97, 111)",amecaji_images/3_47.webp
166,,"(13, 25, 42)","(158, 164, 166)",amecaji_images/3_48.webp
167,,"(155, 134, 101)",,amecaji_images/3_49.webp
168,,"(113, 115, 83)",,amecaji_images/3_50.webp
169,,"(84, 93, 107)","(38, 50, 67)",amecaji_images/3_51.webp
170,,"(58, 22, 29)","(45, 46, 50)",amecaji_images/3_52.webp
171,,"(19, 19, 19)","(16, 27, 35)",amecaji_images/3_53.webp
172,,"(61, 57, 55)","(59, 70, 83)",amecaji_images/3_54.webp
173,,"(65, 103, 129)","(33, 43, 37)",amecaji_images/3_55.webp
174,,"(76, 82, 64)","(67, 53, 42)",amecaji_images/3_56.webp
175,,"(34, 29, 39)","(35, 41, 47)",amecaji_images/3_57.webp
176,,"(54, 57, 58)","(60, 64, 56)",amecaji_images/3_58.webp
177,,"(75, 74, 78)","(168, 143, 124)",amecaji_images/3_59.webp
178,,"(75, 74, 78)","(168, 143, 124)",amecaji_images/4_0.webp
179,,"(157, 142, 137)","(105, 102, 116)",amecaji_images/4_1.webp
180,,"(58, 68, 58)",,amecaji_images/4_2.webp
181,,"(130, 125, 122)","(102, 102, 95)",amecaji_images/4_3.webp
182,,"(135, 126, 119)","(41, 53, 67)",amecaji_images/4_4.webp
183,,"(102, 99, 81)",,amecaji_images/4_5.webp
184,,"(91, 95, 81)","(139, 151, 157)",amecaji_images/4_6.webp
185,,"(91, 91, 90)","(114, 109, 102)",amecaji_images/4_7.webp
186,,"(107, 91, 70)","(139, 124, 107)",amecaji_images/4_8.webp
187,,"(143, 181, 168)","(60, 103, 135)",amecaji_images/4_9.webp
188,,"(78, 91, 108)",,amecaji_images/4_10.webp
189,,"(52, 48, 48)","(182, 141, 129)",amecaji_images/4_11.webp
190,,"(152, 143, 109)","(97, 102, 103)",amecaji_images/4_12.webp
191,,"(164, 155, 122)","(111, 123, 139)",amecaji_images/4_13.webp
192,,"(49, 72, 96)","(129, 115, 104)",amecaji_images/4_14.webp
193,,"(89, 84, 89)","(61, 58, 64)",amecaji_images/4_15.webp
194,,"(129, 131, 137)","(171, 149, 125)",amecaji_images/4_16.webp
195,,"(190, 189, 189)","(21, 24, 29)",amecaji_images/4_18.webp
196,,"(161, 126, 93)","(94, 68, 56)",amecaji_images/4_19.webp
197,,"(92, 86, 102)","(59, 60, 75)",amecaji_images/4_20.webp
198,,"(48, 48, 51)","(65, 66, 64)",amecaji_images/4_21.webp
199,,"(121, 91, 79)","(133, 121, 106)",amecaji_images/4_22.webp
200,,"(57, 52, 52)","(83, 75, 74)",amecaji_images/4_23.webp
201,,"(27, 24, 26)","(28, 29, 34)",amecaji_images/4_24.webp
202,,"(25, 28, 32)","(159, 161, 173)",amecaji_images/4_25.webp
203,,"(82, 87, 92)","(14, 14, 17)",amecaji_images/4_26.webp
204,,"(133, 125, 114)","(65, 60, 55)",amecaji_images/4_27.webp
205,,"(80, 77, 64)","(65, 63, 59)",amecaji_images/4_28.webp
206,,"(54, 53, 59)","(173, 138, 152)",amecaji_images/4_29.webp
207,,"(40, 46, 52)","(63, 65, 64)",amecaji_images/4_30.webp
208,,"(79, 65, 61)","(59, 30, 25)",amecaji_images/4_31.webp
209,,"(63, 69, 71)","(54, 54, 53)",amecaji_images/4_32.webp
210,,"(89, 81, 73)","(106, 102, 98)",amecaji_images/4_33.webp
211,,"(45, 46, 58)","(95, 92, 85)",amecaji_images/4_34.webp
212,,"(88, 95, 105)","(96, 89, 91)",amecaji_images/4_35.webp
213,,"(88, 83, 86)","(68, 64, 71)",amecaji_images/4_36.webp
214,,"(85, 80, 79)","(66, 61, 56)",amecaji_images/4_37.webp
215,,"(65, 61, 50)","(105, 103, 101)",amecaji_images/4_39.webp
216,,"(116, 112, 96)","(133, 121, 117)",amecaji_images/4_40.webp
217,,"(97, 92, 71)","(106, 91, 74)",amecaji_images/4_41.webp
218,,"(145, 131, 105)","(166, 155, 127)",amecaji_images/4_42.webp
219,,"(134, 87, 56)","(33, 39, 50)",amecaji_images/4_43.webp
220,,"(48, 44, 50)","(121, 105, 108)",amecaji_images/4_44.webp
221,,"(102, 108, 118)","(69, 81, 84)",amecaji_images/4_45.webp
222,,"(105, 104, 104)","(74, 75, 83)",amecaji_images/4_46.webp
223,,"(126, 122, 111)","(64, 65, 77)",amecaji_images/4_47.webp
224,,"(72, 70, 78)","(84, 82, 87)",amecaji_images/4_48.webp
225,,"(64, 56, 49)","(101, 100, 94)",amecaji_images/4_49.webp
226,,"(121, 124, 128)","(172, 175, 189)",amecaji_images/4_50.webp
227,,"(101, 95, 94)","(47, 54, 62)",amecaji_images/4_51.webp
228,,"(89, 100, 109)","(52, 69, 80)",amecaji_images/4_52.webp
229,,"(127, 129, 135)","(44, 44, 45)",amecaji_images/4_53.webp
230,,"(76, 69, 63)","(58, 49, 54)",amecaji_images/4_54.webp
231,,"(56, 55, 45)","(36, 34, 24)",amecaji_images/4_55.webp
232,,"(71, 78, 96)","(71, 70, 78)",amecaji_images/4_56.webp
233,,"(116, 130, 135)","(63, 67, 55)",amecaji_images/4_57.webp
234,,"(155, 143, 140)","(73, 74, 72)",amecaji_images/4_58.webp
235,,"(126, 122, 114)","(132, 132, 134)",amecaji_images/4_59.webp
236,,"(148, 135, 123)","(90, 92, 97)",amecaji_images/5_0.webp
237,,"(181, 151, 114)","(57, 62, 69)",amecaji_images/5_1.webp
238,,"(24, 59, 66)","(124, 136, 133)",amecaji_images/5_2.webp
239,,"(95, 88, 82)","(152, 136, 106)",amecaji_images/5_3.webp
240,,"(119, 102, 91)","(22, 21, 25)",amecaji_images/5_4.webp
241,,"(68, 73, 92)","(91, 96, 102)",amecaji_images/5_5.webp
242,,"(69, 65, 59)","(119, 118, 115)",amecaji_images/5_6.webp
243,,"(58, 60, 67)","(21, 19, 19)",amecaji_images/5_7.webp
244,,"(101, 94, 79)","(92, 74, 70)",amecaji_images/5_8.webp
245,,"(71, 47, 67)","(186, 154, 121)",amecaji_images/5_9.webp
246,,"(134, 128, 107)","(79, 112, 131)",amecaji_images/5_10.webp
247,,"(61, 74, 93)","(100, 100, 92)",amecaji_images/5_11.webp
248,,"(163, 136, 118)","(79, 79, 79)",amecaji_images/5_12.webp
249,,"(185, 154, 97)","(178, 170, 158)",amecaji_images/5_13.webp
250,,"(140, 111, 92)","(53, 50, 39)",amecaji_images/5_14.webp
251,,"(78, 77, 80)","(71, 66, 67)",amecaji_images/5_15.webp
252,,"(189, 180, 185)",,amecaji_images/5_16.webp
253,,"(182, 156, 143)","(79, 77, 73)",amecaji_images/5_17.webp
254,,"(78, 82, 91)","(167, 129, 122)",amecaji_images/5_18.webp
255,,"(103, 104, 109)","(98, 94, 98)",amecaji_images/5_19.webp
256,,"(198, 194, 199)","(158, 136, 103)",amecaji_images/5_20.webp
257,,"(53, 56, 59)","(59, 63, 65)",amecaji_images/5_21.webp
258,,"(70, 63, 67)","(136, 124, 126)",amecaji_images/5_22.webp
259,,"(178, 176, 176)","(107, 91, 69)",amecaji_images/5_23.webp
260,,"(203, 200, 197)","(88, 91, 98)",amecaji_images/5_24.webp
261,,"(215, 210, 216)","(169, 156, 149)",amecaji_images/5_25.webp
262,,"(176, 159, 150)","(78, 70, 61)",amecaji_images/5_26.webp
263,,"(194, 190, 193)","(182, 178, 167)",amecaji_images/5_27.webp
264,,"(160, 109, 74)","(214, 213, 216)",amecaji_images/5_28.webp
265,,"(168, 182, 205)","(46, 45, 52)",amecaji_images/5_29.webp
266,,"(109, 128, 148)","(90, 100, 108)",amecaji_images/5_30.webp
267,,"(43, 65, 95)","(59, 78, 102)",amecaji_images/5_31.webp
268,,"(198, 196, 199)","(167, 163, 158)",amecaji_images/5_32.webp
269,,"(64, 60, 61)","(83, 81, 78)",amecaji_images/5_33.webp
270,,"(29, 40, 56)","(133, 123, 109)",amecaji_images/5_34.webp
271,,"(207, 161, 89)","(87, 81, 83)",amecaji_images/5_35.webp
272,,"(90, 105, 127)","(89, 94, 84)",amecaji_images/5_36.webp
273,,"(178, 168, 154)","(59, 91, 123)",amecaji_images/5_37.webp
274,,"(106, 102, 110)","(51, 49, 54)",amecaji_images/5_38.webp
275,,"(62, 57, 62)","(62, 65, 79)",amecaji_images/5_39.webp
276,,"(130, 87, 61)","(53, 73, 107)",amecaji_images/5_40.webp
277,,"(59, 51, 50)","(160, 132, 112)",amecaji_images/5_41.webp
278,,"(66, 66, 74)","(114, 113, 110)",amecaji_images/5_42.webp
279,,"(108, 91, 83)","(66, 65, 68)",amecaji_images/5_43.webp
280,,"(41, 42, 43)","(118, 118, 117)",amecaji_images/5_44.webp
281,,"(52, 63, 80)","(76, 77, 82)",amecaji_images/5_45.webp
282,,"(46, 38, 40)","(145, 122, 102)",amecaji_images/5_46.webp
283,,"(79, 75, 77)","(71, 62, 60)",amecaji_images/5_47.webp
284,,"(36, 34, 32)","(77, 40, 32)",amecaji_images/5_48.webp
285,,"(58, 69, 82)","(138, 131, 113)",amecaji_images/5_49.webp
286,,"(86, 90, 103)","(88, 92, 93)",amecaji_images/5_50.webp
287,,"(27, 48, 70)","(68, 77, 77)",amecaji_images/5_51.webp
288,,"(33, 36, 42)","(68, 70, 64)",amecaji_images/5_52.webp
289,,"(94, 139, 187)","(29, 34, 47)",amecaji_images/5_53.webp
290,,"(73, 66, 65)","(76, 80, 66)",amecaji_images/5_54.webp
291,,"(23, 24, 29)","(54, 57, 61)",amecaji_images/5_55.webp
292,,"(85, 65, 58)","(58, 69, 81)",amecaji_images/5_56.webp
293,,"(87, 94, 88)","(164, 152, 136)",amecaji_images/5_57.webp
294,,"(162, 158, 144)","(115, 102, 84)",amecaji_images/5_58.webp
295,,"(100, 86, 84)","(58, 55, 58)",amecaji_images/5_59.webp
296,,"(65, 77, 101)","(69, 72, 79)",amecaji_images/6_0.webp
297,,"(84, 86, 75)",,amecaji_images/6_1.webp
298,,"(61, 61, 63)","(55, 58, 64)",amecaji_images/6_2.webp
299,,"(112, 77, 64)","(94, 90, 90)",amecaji_images/6_3.webp
300,,"(153, 148, 139)","(70, 71, 75)",amecaji_images/6_4.webp
301,,"(198, 99, 61)","(119, 102, 74)",amecaji_images/6_5.webp
302,,"(94, 98, 104)","(129, 117, 108)",amecaji_images/6_6.webp
303,,"(80, 80, 81)","(142, 135, 120)",amecaji_images/6_7.webp
304,,"(72, 64, 59)","(102, 93, 82)",amecaji_images/6_8.webp
305,,"(108, 110, 109)","(35, 46, 57)",amecaji_images/6_9.webp
306,,"(116, 118, 91)","(89, 95, 93)",amecaji_images/6_10.webp
307,,"(92, 84, 66)","(91, 101, 81)",amecaji_images/6_11.webp
308,,"(173, 137, 100)","(111, 132, 143)",amecaji_images/6_12.webp
309,,"(102, 112, 102)","(77, 76, 74)",amecaji_images/6_13.webp
310,,"(31, 34, 41)","(33, 32, 37)",amecaji_images/6_14.webp
311,,"(20, 34, 51)","(78, 84, 95)",amecaji_images/6_15.webp
312,,"(53, 38, 53)","(44, 42, 48)",amecaji_images/6_16.webp
313,,"(191, 168, 145)","(63, 65, 69)",amecaji_images/6_17.webp
314,,"(92, 108, 102)","(99, 131, 151)",amecaji_images/6_18.webp
315,,"(52, 49, 52)","(160, 134, 92)",amecaji_images/6_19.webp
316,,"(186, 157, 126)","(69, 119, 146)",amecaji_images/6_20.webp
317,,"(83, 62, 51)","(84, 78, 71)",amecaji_images/6_21.webp
318,,"(28, 45, 70)","(86, 80, 70)",amecaji_images/6_22.webp
319,,"(51, 80, 76)","(30, 68, 62)",amecaji_images/6_23.webp
320,,"(65, 85, 100)","(86, 96, 101)",amecaji_images/6_24.webp
321,,"(37, 44, 56)","(44, 54, 67)",amecaji_images/6_25.webp
322,,"(117, 111, 61)","(115, 108, 72)",amecaji_images/6_26.webp
323,,"(59, 78, 100)","(179, 175, 174)",amecaji_images/6_27.webp
324,,"(82, 73, 69)","(71, 72, 84)",amecaji_images/6_28.webp
325,,"(46, 60, 77)","(193, 180, 160)",amecaji_images/6_29.webp
326,,"(196, 189, 183)","(220, 213, 206)",amecaji_images/6_30.webp
327,,"(22, 38, 68)","(54, 61, 75)",amecaji_images/6_31.webp
328,,"(60, 94, 125)","(162, 172, 193)",amecaji_images/6_32.webp
329,,"(59, 59, 71)","(75, 70, 76)",amecaji_images/6_33.webp
330,,"(211, 209, 215)","(34, 37, 42)",amecaji_images/6_34.webp
331,,"(92, 110, 126)","(43, 49, 49)",amecaji_images/6_35.webp
332,,"(54, 53, 51)","(65, 64, 70)",amecaji_images/6_36.webp
333,,"(56, 59, 57)","(170, 155, 134)",amecaji_images/6_37.webp
334,,"(153, 135, 126)","(198, 194, 192)",amecaji_images/6_38.webp
335,,"(47, 49, 55)","(94, 91, 71)",amecaji_images/6_39.webp
336,,"(141, 133, 117)","(225, 217, 212)",amecaji_images/6_40.webp
337,,"(150, 158, 164)","(60, 57, 51)",amecaji_images/6_41.webp
338,,"(165, 112, 62)","(149, 116, 84)",amecaji_images/6_42.webp
339,,"(52, 62, 70)","(150, 146, 146)",amecaji_images/6_43.webp
340,,"(176, 173, 181)","(75, 69, 54)",amecaji_images/6_44.webp
341,,"(115, 58, 58)","(169, 165, 158)",amecaji_images/6_45.webp
342,,"(211, 211, 206)","(132, 136, 124)",amecaji_images/6_46.webp
343,,"(210, 207, 208)","(70, 68, 69)",amecaji_images/6_47.webp
344,,"(64, 91, 114)","(119, 131, 147)",amecaji_images/6_48.webp
345,,"(215, 209, 208)","(196, 186, 170)",amecaji_images/6_49.webp
346,,"(134, 124, 114)","(123, 134, 141)",amecaji_images/6_50.webp
347,,"(69, 75, 72)","(66, 67, 62)",amecaji_images/6_51.webp
348,,"(101, 101, 102)","(18, 24, 30)",amecaji_images/6_52.webp
349,,"(188, 189, 191)","(173, 86, 91)",amecaji_images/6_53.webp
350,,"(47, 58, 65)","(157, 164, 172)",amecaji_images/6_54.webp
351,,"(169, 161, 153)","(79, 80, 80)",amecaji_images/6_55.webp
352,,"(20, 76, 137)","(22, 66, 117)",amecaji_images/6_56.webp
353,,"(189, 184, 184)","(155, 140, 127)",amecaji_images/6_57.webp
354,,"(140, 123, 112)","(85, 85, 74)",amecaji_images/6_58.webp
355,,"(43, 45, 47)","(58, 58, 62)",amecaji_images/6_59.webp
356,,"(91, 91, 74)","(97, 93, 78)",amecaji_images/7_0.webp
357,,"(186, 175, 168)","(66, 65, 56)",amecaji_images/7_1.webp
358,,"(209, 187, 171)","(180, 164, 143)",amecaji_images/7_2.webp
359,,"(70, 81, 92)","(40, 56, 72)",amecaji_images/7_3.webp
360,,"(152, 88, 58)","(51, 50, 48)",amecaji_images/7_4.webp
361,,"(117, 117, 119)","(125, 132, 111)",amecaji_images/7_5.webp
362,,"(106, 129, 128)","(178, 165, 155)",amecaji_images/7_6.webp
363,,"(64, 77, 95)","(52, 67, 84)",amecaji_images/7_7.webp
364,,"(123, 129, 112)","(112, 99, 87)",amecaji_images/7_8.webp
365,,"(178, 118, 65)","(154, 140, 120)",amecaji_images/7_9.webp
366,,"(48, 45, 45)","(39, 49, 47)",amecaji_images/7_10.webp
367,,"(41, 93, 130)","(164, 134, 111)",amecaji_images/7_11.webp
368,,"(28, 35, 46)","(43, 46, 50)",amecaji_images/7_12.webp
369,,"(204, 155, 123)","(60, 57, 57)",amecaji_images/7_13.webp
370,,"(19, 26, 28)","(50, 54, 41)",amecaji_images/7_14.webp
371,,"(219, 220, 213)","(51, 107, 142)",amecaji_images/7_15.webp
372,,"(72, 69, 65)","(111, 112, 96)",amecaji_images/7_16.webp
373,,"(55, 50, 52)","(155, 40, 54)",amecaji_images/7_17.webp
374,,"(125, 113, 95)","(51, 57, 64)",amecaji_images/7_18.webp
375,,"(82, 110, 131)","(149, 146, 130)",amecaji_images/7_19.webp
376,,"(44, 56, 73)","(113, 105, 96)",amecaji_images/7_20.webp
377,,"(37, 52, 69)","(188, 180, 179)",amecaji_images/7_21.webp
378,,"(103, 121, 114)","(136, 110, 90)",amecaji_images/7_22.webp
379,,"(57, 55, 52)","(44, 47, 47)",amecaji_images/7_23.webp
380,,"(64, 74, 88)","(172, 169, 160)",amecaji_images/7_24.webp
381,,"(36, 38, 37)","(148, 131, 101)",amecaji_images/7_25.webp
382,,"(145, 115, 102)","(99, 102, 122)",amecaji_images/7_26.webp
383,,"(32, 38, 37)","(62, 59, 52)",amecaji_images/7_27.webp
384,,"(100, 44, 70)","(54, 53, 51)",amecaji_images/7_28.webp
385,,"(131, 115, 103)","(60, 69, 84)",amecaji_images/7_29.webp
386,,"(56, 55, 55)","(76, 73, 69)",amecaji_images/7_30.webp
387,,"(109, 103, 94)","(79, 74, 73)",amecaji_images/7_31.webp
388,,"(91, 98, 87)","(110, 132, 146)",amecaji_images/7_32.webp
389,,"(104, 99, 97)","(36, 44, 51)",amecaji_images/7_33.webp
390,,"(46, 48, 44)","(75, 80, 73)",amecaji_images/7_34.webp
391,,"(160, 177, 188)","(64, 74, 91)",amecaji_images/7_35.webp
392,,"(102, 107, 94)",,amecaji_images/7_36.webp
393,,"(51, 72, 73)","(64, 53, 47)",amecaji_images/7_37.webp
394,,"(171, 165, 168)","(76, 80, 90)",amecaji_images/7_38.webp
395,,"(56, 54, 65)","(112, 90, 82)",amecaji_images/7_39.webp
396,,"(148, 111, 73)","(64, 94, 118)",amecaji_images/7_40.webp
397,,"(112, 95, 69)","(70, 66, 64)",amecaji_images/7_41.webp
398,,"(68, 81, 87)","(132, 128, 107)",amecaji_images/7_42.webp
399,,"(123, 98, 65)","(88, 91, 96)",amecaji_images/7_43.webp
400,,"(158, 139, 118)","(37, 39, 47)",amecaji_images/7_44.webp
401,,"(137, 135, 111)","(121, 123, 100)",amecaji_images/7_45.webp
402,,"(104, 87, 77)","(89, 76, 67)",amecaji_images/7_46.webp
403,,"(65, 74, 87)","(127, 141, 133)",amecaji_images/7_47.webp
404,,"(48, 42, 39)","(50, 42, 34)",amecaji_images/7_48.webp
405,,"(25, 22, 22)","(116, 79, 51)",amecaji_images/7_49.webp
406,,"(68, 81, 92)","(155, 142, 132)",amecaji_images/7_50.webp
407,,"(71, 65, 52)","(136, 124, 110)",amecaji_images/7_51.webp
408,,"(135, 117, 101)","(69, 65, 64)",amecaji_images/7_52.webp
409,,"(121, 90, 67)","(78, 82, 93)",amecaji_images/7_53.webp
410,,"(67, 57, 46)","(96, 76, 63)",amecaji_images/7_54.webp
411,,"(141, 124, 112)","(53, 56, 73)",amecaji_images/7_55.webp
412,,"(67, 46, 55)","(106, 113, 101)",amecaji_images/7_56.webp
413,,"(85, 102, 102)","(107, 106, 102)",amecaji_images/7_57.webp
414,,"(133, 91, 56)","(80, 52, 34)",amecaji_images/7_58.webp
415,,"(117, 132, 147)","(180, 181, 175)",amecaji_images/7_59.webp
416,,"(111, 92, 68)",,amecaji_images/8_0.webp
417,,"(29, 31, 33)","(35, 39, 43)",amecaji_images/8_2.webp
418,,"(193, 175, 147)","(126, 118, 88)",amecaji_images/8_3.webp
419,,"(89, 87, 88)","(61, 62, 65)",amecaji_images/8_4.webp
420,,"(50, 47, 48)","(35, 36, 43)",amecaji_images/8_5.webp
421,,"(148, 128, 91)",,amecaji_images/8_6.webp
422,,"(78, 63, 52)","(47, 44, 44)",amecaji_images/8_7.webp
423,,"(120, 105, 90)","(75, 89, 102)",amecaji_images/8_8.webp
424,,"(135, 145, 146)","(125, 131, 131)",amecaji_images/8_9.webp
425,,"(70, 92, 86)","(56, 73, 85)",amecaji_images/8_10.webp
426,,"(85, 88, 61)",,amecaji_images/8_11.webp
427,,"(31, 29, 33)","(45, 42, 46)",amecaji_images/8_12.webp
428,,"(81, 79, 76)","(133, 118, 104)",amecaji_images/8_13.webp
429,,"(54, 58, 66)","(184, 184, 188)",amecaji_images/8_14.webp
430,,"(37, 49, 64)","(70, 79, 90)",amecaji_images/8_15.webp
431,,"(69, 68, 72)","(122, 126, 129)",amecaji_images/8_16.webp
432,,"(43, 29, 31)","(93, 81, 68)",amecaji_images/8_17.webp
433,,"(63, 71, 81)","(81, 89, 98)",amecaji_images/8_18.webp
434,,"(87, 72, 55)","(80, 63, 48)",amecaji_images/8_19.webp
435,,"(92, 91, 90)","(120, 116, 96)",amecaji_images/8_20.webp
436,,"(101, 92, 80)","(70, 57, 43)",amecaji_images/8_21.webp
437,,"(145, 121, 101)","(137, 110, 93)",amecaji_images/8_22.webp
438,,"(194, 159, 127)","(77, 73, 80)",amecaji_images/8_23.webp
439,,"(67, 67, 71)","(45, 49, 53)",amecaji_images/8_24.webp
440,,"(199, 188, 176)","(88, 83, 80)",amecaji_images/8_25.webp
441,,"(141, 75, 74)","(135, 135, 116)",amecaji_images/8_26.webp
442,,"(96, 91, 65)","(168, 144, 125)",amecaji_images/8_27.webp
443,,"(57, 50, 45)","(135, 99, 79)",amecaji_images/8_28.webp
444,,"(80, 77, 65)","(54, 55, 46)",amecaji_images/8_29.webp
445,,"(98, 131, 129)","(96, 114, 98)",amecaji_images/8_30.webp
446,,"(144, 126, 102)","(116, 102, 94)",amecaji_images/8_31.webp
447,,"(31, 50, 71)","(48, 56, 66)",amecaji_images/8_32.webp
448,,"(144, 107, 82)","(175, 164, 148)",amecaji_images/8_33.webp
449,,"(78, 77, 68)","(103, 90, 82)",amecaji_images/8_34.webp
450,,"(93, 91, 91)","(103, 72, 59)",amecaji_images/8_35.webp
451,,"(96, 91, 94)","(80, 77, 70)",amecaji_images/8_36.webp
452,,"(134, 114, 95)","(99, 87, 75)",amecaji_images/8_37.webp
453,,"(69, 65, 66)","(51, 48, 46)",amecaji_images/8_38.webp
454,,"(83, 81, 69)",,amecaji_images/8_39.webp
455,,"(78, 84, 92)","(92, 83, 78)",amecaji_images/8_40.webp
456,,"(208, 178, 151)","(76, 78, 90)",amecaji_images/8_41.webp
457,,"(116, 108, 92)",,amecaji_images/8_42.webp
458,,"(91, 88, 93)","(102, 104, 112)",amecaji_images/8_43.webp
459,,"(42, 44, 48)","(58, 54, 55)",amecaji_images/8_44.webp
460,,"(210, 125, 100)","(66, 67, 67)",amecaji_images/8_45.webp
461,,"(131, 111, 88)","(93, 78, 62)",amecaji_images/8_46.webp
462,,"(85, 79, 78)","(130, 115, 100)",amecaji_images/8_47.webp
463,,"(115, 115, 107)","(135, 133, 131)",amecaji_images/8_48.webp
464,,"(153, 118, 88)","(131, 108, 88)",amecaji_images/8_49.webp
465,,"(178, 164, 154)","(81, 86, 95)",amecaji_images/8_50.webp
466,,"(110, 95, 81)","(150, 139, 134)",amecaji_images/8_51.webp
467,,"(48, 51, 58)",,amecaji_images/8_52.webp
468,,"(131, 92, 72)","(118, 76, 52)",amecaji_images/8_53.webp
469,,"(84, 91, 100)","(154, 167, 190)",amecaji_images/8_54.webp
470,,"(82, 74, 84)","(95, 66, 53)",amecaji_images/8_55.webp
471,,"(35, 35, 40)","(127, 114, 100)",amecaji_images/8_56.webp
472,,"(160, 169, 182)","(60, 67, 77)",amecaji_images/8_57.webp
473,,"(95, 84, 88)","(104, 87, 77)",amecaji_images/8_58.webp
474,,"(53, 50, 44)","(60, 55, 48)",amecaji_images/8_59.webp
475,,"(182, 178, 168)","(202, 203, 204)",amecaji_images/9_0.webp
476,,"(155, 126, 118)","(80, 58, 44)",amecaji_images/9_1.webp
477,,"(96, 102, 114)","(90, 93, 104)",amecaji_images/9_2.webp
478,,"(181, 181, 163)","(58, 70, 81)",amecaji_images/9_3.webp
479,,"(186, 156, 124)","(155, 124, 93)",amecaji_images/9_4.webp
480,,"(172, 54, 100)","(44, 43, 44)",amecaji_images/9_5.webp
481,,"(75, 67, 66)","(161, 153, 141)",amecaji_images/9_6.webp
482,,"(154, 130, 95)","(120, 105, 78)",amecaji_images/9_7.webp
483,,"(82, 87, 96)","(115, 111, 110)",amecaji_images/9_8.webp
484,,"(157, 140, 126)","(54, 58, 51)",amecaji_images/9_9.webp
485,,"(141, 99, 76)","(77, 69, 63)",amecaji_images/9_10.webp
486,,"(126, 111, 99)","(27, 25, 28)",amecaji_images/9_11.webp
487,,"(171, 169, 164)","(95, 116, 143)",amecaji_images/9_12.webp
488,,"(40, 32, 28)","(113, 96, 71)",amecaji_images/9_13.webp
489,,"(168, 149, 128)","(74, 66, 59)",amecaji_images/9_14.webp
490,,"(57, 60, 64)","(57, 58, 61)",amecaji_images/9_15.webp
491,,"(35, 57, 91)","(40, 63, 92)",amecaji_images/9_16.webp
492,,"(135, 146, 154)","(162, 140, 124)",amecaji_images/9_17.webp
493,,"(156, 127, 99)","(77, 64, 50)",amecaji_images/9_18.webp
494,,"(45, 47, 53)","(190, 192, 202)",amecaji_images/9_19.webp
495,,"(59, 57, 56)","(103, 107, 83)",amecaji_images/9_20.webp
496,,"(205, 181, 151)","(92, 90, 73)",amecaji_images/9_21.webp
497,,"(204, 196, 187)","(88, 83, 81)",amecaji_images/9_22.webp
498,,"(195, 169, 88)","(90, 101, 104)",amecaji_images/9_23.webp
499,,"(80, 79, 85)","(123, 105, 102)",amecaji_images/9_24.webp
500,,"(67, 73, 79)","(133, 100, 84)",amecaji_images/9_25.webp
501,,"(156, 140, 118)","(134, 120, 101)",amecaji_images/9_26.webp
502,,"(83, 82, 78)","(73, 78, 62)",amecaji_images/9_27.webp
503,,"(93, 95, 89)","(158, 156, 164)",amecaji_images/9_28.webp
504,,"(178, 163, 135)","(50, 71, 93)",amecaji_images/9_29.webp
505,,"(79, 74, 69)","(157, 154, 163)",amecaji_images/9_30.webp
506,,"(76, 72, 56)","(55, 62, 78)",amecaji_images/9_31.webp
507,,"(204, 176, 151)","(178, 128, 83)",amecaji_images/9_32.webp
508,,"(193, 178, 180)","(49, 45, 55)",amecaji_images/9_33.webp
509,,"(121, 117, 102)","(87, 81, 67)",amecaji_images/9_34.webp
510,,"(94, 98, 103)","(153, 161, 158)",amecaji_images/9_35.webp
511,,"(171, 101, 67)","(76, 72, 68)",amecaji_images/9_36.webp
512,,"(51, 48, 44)","(114, 95, 68)",amecaji_images/9_37.webp
513,,"(237, 178, 120)","(196, 175, 153)",amecaji_images/9_38.webp
514,,"(162, 170, 170)","(127, 126, 99)",amecaji_images/9_39.webp
515,,"(121, 123, 107)","(79, 84, 68)",amecaji_images/9_40.webp
516,,"(152, 155, 168)","(58, 52, 53)",amecaji_images/9_41.webp
517,,"(77, 87, 96)","(71, 88, 106)",amecaji_images/9_42.webp
518,,"(89, 94, 102)","(138, 110, 84)",amecaji_images/9_43.webp
519,,"(107, 105, 113)","(59, 59, 69)",amecaji_images/9_44.webp
520,,"(160, 159, 140)","(161, 151, 153)",amecaji_images/9_45.webp
521,,"(177, 145, 102)",,amecaji_images/9_46.webp
522,,"(160, 153, 149)","(102, 91, 97)",amecaji_images/9_47.webp
523,,"(172, 133, 100)","(66, 43, 32)",amecaji_images/9_48.webp
524,,"(123, 108, 104)","(102, 94, 97)",amecaji_images/9_49.webp
525,,"(75, 95, 110)","(88, 105, 110)",amecaji_images/9_50.webp
526,,"(89, 92, 125)","(69, 68, 77)",amecaji_images/9_51.webp
527,,"(48, 52, 61)","(121, 128, 137)",amecaji_images/9_52.webp
528,,"(82, 80, 87)","(108, 105, 89)",amecaji_images/9_53.webp
529,,"(48, 43, 45)","(65, 61, 61)",amecaji_images/9_54.webp
530,,"(62, 61, 74)","(91, 87, 91)",amecaji_images/9_55.webp
531,,"(91, 105, 119)","(103, 89, 75)",amecaji_images/9_56.webp
532,,"(141, 106, 103)","(52, 51, 47)",amecaji_images/9_57.webp
533,,"(51, 42, 41)","(29, 22, 20)",amecaji_images/9_58.webp
534,,"(150, 152, 154)","(37, 47, 69)",amecaji_images/9_59.webp
535,,"(173, 141, 103)","(138, 119, 94)",amecaji_images/10_0.webp
536,,"(156, 131, 119)","(47, 54, 68)",amecaji_images/10_1.webp
537,,"(29, 30, 37)",,amecaji_images/10_2.webp
538,,"(41, 51, 72)","(69, 87, 111)",amecaji_images/10_3.webp
539,,"(66, 63, 63)","(171, 149, 131)",amecaji_images/10_4.webp
540,,"(80, 69, 75)","(105, 87, 68)",amecaji_images/10_5.webp
541,,"(51, 57, 66)","(42, 48, 46)",amecaji_images/10_6.webp
542,,"(117, 98, 93)","(33, 33, 40)",amecaji_images/10_7.webp
543,,"(29, 36, 45)","(96, 94, 98)",amecaji_images/10_8.webp
544,,"(70, 74, 76)","(106, 108, 115)",amecaji_images/10_9.webp
545,,"(116, 121, 114)","(115, 131, 122)",amecaji_images/10_10.webp
546,,"(72, 77, 60)","(77, 104, 120)",amecaji_images/10_11.webp
547,,"(62, 64, 71)","(102, 103, 107)",amecaji_images/10_12.webp
548,,"(127, 114, 92)","(110, 109, 97)",amecaji_images/10_13.webp
549,,"(42, 33, 28)","(82, 77, 63)",amecaji_images/10_14.webp
550,,"(69, 65, 74)","(40, 39, 48)",amecaji_images/10_15.webp
551,,"(94, 96, 84)","(108, 99, 82)",amecaji_images/10_16.webp
552,,"(96, 98, 102)","(148, 144, 124)",amecaji_images/10_17.webp
553,,"(134, 100, 86)","(103, 88, 76)",amecaji_images/10_18.webp
554,,"(54, 52, 61)","(107, 120, 127)",amecaji_images/10_19.webp
555,,"(113, 104, 88)","(35, 38, 45)",amecaji_images/10_20.webp
556,,"(123, 115, 75)","(131, 115, 104)",amecaji_images/10_21.webp
557,,"(37, 52, 68)","(37, 55, 81)",amecaji_images/10_22.webp
558,,"(35, 35, 32)","(149, 146, 115)",amecaji_images/10_23.webp
559,,"(78, 66, 49)","(46, 42, 45)",amecaji_images/10_24.webp
560,,"(132, 140, 130)","(96, 95, 99)",amecaji_images/10_25.webp
561,,"(48, 45, 52)","(144, 119, 85)",amecaji_images/10_26.webp
562,,"(41, 57, 74)","(180, 163, 136)",amecaji_images/10_27.webp
563,,"(106, 102, 93)","(50, 45, 53)",amecaji_images/10_28.webp
564,,"(143, 108, 77)","(81, 67, 57)",amecaji_images/10_29.webp
565,,"(40, 36, 37)","(65, 65, 57)",amecaji_images/10_30.webp
566,,"(37, 36, 38)","(46, 48, 57)",amecaji_images/10_31.webp
567,,"(71, 58, 43)","(107, 93, 82)",amecaji_images/10_32.webp
568,,"(85, 97, 106)","(173, 156, 140)",amecaji_images/10_33.webp
569,,"(125, 110, 80)","(65, 65, 67)",amecaji_images/10_34.webp
570,,"(109, 100, 89)","(53, 56, 55)",amecaji_images/10_35.webp
571,,"(56, 52, 55)","(109, 120, 137)",amecaji_images/10_36.webp
572,,"(55, 53, 59)","(71, 77, 87)",amecaji_images/10_37.webp
573,,"(48, 52, 61)",,amecaji_images/10_38.webp
574,,"(126, 98, 67)","(30, 37, 52)",amecaji_images/10_39.webp
575,,"(62, 71, 86)","(67, 73, 87)",amecaji_images/10_40.webp
576,,"(71, 74, 82)","(218, 216, 205)",amecaji_images/10_41.webp
577,,"(51, 52, 53)","(87, 86, 85)",amecaji_images/10_42.webp
578,,"(116, 102, 98)","(117, 110, 106)",amecaji_images/10_43.webp
579,,"(43, 47, 51)","(97, 100, 95)",amecaji_images/10_44.webp
580,,"(83, 81, 85)","(61, 58, 69)",amecaji_images/10_45.webp
581,,"(31, 32, 36)","(46, 45, 45)",amecaji_images/10_46.webp
582,,"(58, 63, 74)","(104, 98, 97)",amecaji_images/10_47.webp
583,,"(47, 46, 50)","(90, 86, 89)",amecaji_images/10_48.webp
584,,"(61, 66, 76)",,amecaji_images/10_49.webp
585,,"(147, 115, 86)","(33, 37, 44)",amecaji_images/10_50.webp
586,,"(132, 133, 135)","(52, 49, 53)",amecaji_images/10_51.webp
587,,"(156, 132, 109)","(60, 60, 62)",amecaji_images/10_52.webp
588,,"(46, 44, 42)",,amecaji_images/10_53.webp
589,,"(40, 37, 41)","(197, 177, 155)",amecaji_images/10_54.webp
590,,"(58, 69, 89)","(132, 136, 135)",amecaji_images/10_55.webp
591,,"(66, 57, 68)","(177, 171, 179)",amecaji_images/10_56.webp
592,,"(81, 81, 86)","(114, 122, 121)",amecaji_images/10_57.webp
593,,"(101, 100, 102)","(99, 120, 133)",amecaji_images/10_58.webp
594,,"(71, 91, 100)","(43, 91, 121)",amecaji_images/10_59.webp
