,businesscasual,TOP_RGB,BOTTOM_RGB,path
0,,"(90, 90, 100)","(166, 179, 183)",businesscasual_images/1_0.webp
1,,"(138, 127, 135)","(51, 65, 76)",businesscasual_images/1_1.webp
2,,"(103, 107, 128)","(109, 115, 135)",businesscasual_images/1_2.webp
3,,"(80, 85, 108)","(125, 141, 165)",businesscasual_images/1_3.webp
4,,"(91, 96, 109)","(169, 111, 126)",businesscasual_images/1_4.webp
5,,"(100, 85, 83)","(77, 71, 70)",businesscasual_images/1_5.webp
6,,"(78, 74, 81)","(72, 68, 75)",businesscasual_images/1_6.webp
7,,"(123, 114, 96)","(178, 149, 117)",businesscasual_images/1_7.webp
8,,"(64, 65, 72)","(48, 48, 53)",businesscasual_images/1_9.webp
9,,"(48, 50, 53)","(21, 24, 29)",businesscasual_images/1_10.webp
10,,"(56, 55, 69)","(34, 45, 65)",businesscasual_images/1_11.webp
11,,"(91, 75, 67)","(200, 197, 200)",businesscasual_images/1_12.webp
12,,"(77, 77, 91)",,businesscasual_images/1_13.webp
13,,"(52, 51, 60)","(55, 56, 66)",businesscasual_images/1_14.webp
14,,"(42, 82, 92)","(176, 169, 180)",businesscasual_images/1_15.webp
15,,"(61, 71, 98)","(70, 77, 101)",businesscasual_images/1_16.webp
16,,"(74, 78, 92)","(57, 57, 75)",businesscasual_images/1_17.webp
17,,"(50, 52, 72)","(67, 68, 84)",businesscasual_images/1_18.webp
18,,"(50, 54, 78)","(59, 58, 73)",businesscasual_images/1_19.webp
19,,"(55, 50, 54)","(55, 53, 57)",businesscasual_images/1_20.webp
20,,"(67, 74, 91)","(194, 179, 174)",businesscasual_images/1_21.webp
21,,"(200, 192, 186)","(171, 156, 149)",businesscasual_images/1_22.webp
22,,"(134, 111, 102)","(127, 110, 101)",businesscasual_images/1_23.webp
23,,"(62, 74, 88)","(60, 75, 90)",businesscasual_images/1_24.webp
24,,"(111, 115, 127)","(38, 46, 56)",businesscasual_images/1_25.webp
25,,"(71, 75, 87)","(81, 63, 63)",businesscasual_images/1_26.webp
26,,"(154, 141, 136)","(61, 57, 64)",businesscasual_images/1_27.webp
27,,"(122, 105, 104)","(135, 116, 110)",businesscasual_images/1_28.webp
28,,"(101, 94, 95)",,businesscasual_images/1_29.webp
29,,"(144, 111, 50)","(120, 88, 68)",businesscasual_images/1_30.webp
30,,"(121, 114, 110)",,businesscasual_images/1_31.webp
31,,"(54, 54, 60)","(60, 60, 64)",businesscasual_images/1_32.webp
32,,"(74, 119, 90)",,businesscasual_images/1_33.webp
33,,"(70, 64, 75)","(161, 135, 135)",businesscasual_images/1_34.webp
34,,"(108, 115, 141)","(173, 157, 167)",businesscasual_images/1_35.webp
35,,"(57, 63, 79)","(78, 86, 108)",businesscasual_images/1_36.webp
36,,"(93, 96, 120)","(63, 65, 89)",businesscasual_images/1_37.webp
37,,"(83, 78, 72)",,businesscasual_images/1_38.webp
38,,"(107, 99, 113)","(105, 111, 125)",businesscasual_images/1_39.webp
39,,"(71, 70, 70)","(32, 31, 31)",businesscasual_images/1_40.webp
40,,"(52, 54, 65)",,businesscasual_images/1_41.webp
41,,"(15, 16, 25)","(114, 87, 63)",businesscasual_images/1_42.webp
42,,"(120, 102, 95)",,businesscasual_images/1_43.webp
43,,"(136, 131, 120)","(137, 124, 123)",businesscasual_images/1_44.webp
44,,"(87, 88, 70)","(23, 23, 25)",businesscasual_images/1_45.webp
45,,"(106, 105, 102)","(129, 127, 125)",businesscasual_images/1_46.webp
46,,"(70, 72, 66)","(68, 70, 69)",businesscasual_images/1_47.webp
47,,"(117, 90, 63)","(136, 100, 59)",businesscasual_images/1_48.webp
48,,"(136, 129, 117)","(100, 96, 87)",businesscasual_images/1_49.webp
49,,"(32, 40, 57)","(157, 145, 138)",businesscasual_images/1_50.webp
50,,"(168, 158, 163)","(159, 161, 164)",businesscasual_images/1_51.webp
51,,"(172, 170, 173)","(56, 58, 69)",businesscasual_images/1_52.webp
52,,"(65, 59, 68)","(59, 57, 65)",businesscasual_images/1_53.webp
53,,"(50, 43, 43)","(55, 57, 59)",businesscasual_images/1_54.webp
54,,"(73, 71, 74)",,businesscasual_images/1_55.webp
55,,"(52, 58, 51)","(126, 126, 121)",businesscasual_images/1_56.webp
56,,"(155, 168, 191)","(35, 40, 49)",businesscasual_images/1_57.webp
57,,"(213, 199, 180)","(204, 187, 169)",businesscasual_images/1_58.webp
58,,"(86, 88, 96)","(72, 74, 83)",businesscasual_images/1_59.webp
59,,"(62, 70, 80)","(20, 21, 27)",businesscasual_images/2_0.webp
60,,"(84, 84, 81)",,businesscasual_images/2_1.webp
61,,"(150, 175, 210)","(132, 124, 113)",businesscasual_images/2_2.webp
62,,"(90, 76, 70)","(147, 126, 119)",businesscasual_images/2_3.webp
63,,"(29, 32, 37)","(84, 84, 83)",businesscasual_images/2_4.webp
64,,"(59, 59, 66)","(72, 68, 71)",businesscasual_images/2_5.webp
65,,"(87, 90, 92)","(125, 103, 91)",businesscasual_images/2_6.webp
66,,"(90, 89, 93)","(84, 77, 77)",businesscasual_images/2_7.webp
67,,"(175, 157, 138)","(169, 150, 129)",businesscasual_images/2_8.webp
68,,"(95, 65, 64)","(32, 31, 31)",businesscasual_images/2_9.webp
69,,"(128, 122, 119)","(195, 196, 192)",businesscasual_images/2_10.webp
70,,"(197, 173, 163)",,businesscasual_images/2_11.webp
71,,"(88, 79, 78)","(81, 78, 79)",businesscasual_images/2_12.webp
72,,"(75, 74, 80)","(83, 70, 75)",businesscasual_images/2_13.webp
73,,"(196, 190, 186)","(178, 165, 157)",businesscasual_images/2_14.webp
74,,"(57, 51, 58)","(95, 93, 105)",businesscasual_images/2_15.webp
75,,"(68, 66, 77)",,businesscasual_images/2_16.webp
76,,"(94, 92, 91)","(54, 50, 52)",businesscasual_images/2_17.webp
77,,"(100, 86, 78)","(205, 198, 192)",businesscasual_images/2_18.webp
78,,"(67, 64, 67)","(76, 73, 76)",businesscasual_images/2_19.webp
79,,"(55, 64, 60)","(60, 67, 64)",businesscasual_images/2_20.webp
80,,"(106, 108, 109)","(135, 125, 117)",businesscasual_images/2_21.webp
81,,"(78, 79, 85)","(65, 78, 89)",businesscasual_images/2_22.webp
82,,"(50, 54, 48)",,businesscasual_images/2_23.webp
83,,"(149, 108, 87)","(19, 18, 18)",businesscasual_images/2_24.webp
84,,"(130, 89, 54)","(122, 87, 55)",businesscasual_images/2_25.webp
85,,"(27, 30, 35)","(182, 164, 136)",businesscasual_images/2_26.webp
86,,"(50, 56, 53)",,businesscasual_images/2_27.webp
87,,"(173, 140, 93)","(168, 148, 121)",businesscasual_images/2_28.webp
88,,"(163, 154, 153)","(195, 180, 174)",businesscasual_images/2_29.webp
89,,"(113, 116, 124)",,businesscasual_images/2_32.webp
90,,"(198, 185, 181)",,businesscasual_images/2_33.webp
91,,"(172, 179, 178)","(107, 102, 101)",businesscasual_images/2_34.webp
92,,"(53, 57, 61)","(56, 57, 60)",businesscasual_images/2_35.webp
93,,"(33, 37, 41)",,businesscasual_images/2_36.webp
94,,"(79, 62, 46)","(108, 87, 63)",businesscasual_images/2_37.webp
95,,"(39, 27, 18)","(168, 168, 149)",businesscasual_images/2_38.webp
96,,"(55, 52, 58)","(213, 199, 191)",businesscasual_images/2_39.webp
97,,"(46, 46, 46)","(64, 63, 66)",businesscasual_images/2_40.webp
98,,"(55, 62, 69)",,businesscasual_images/2_41.webp
99,,"(122, 122, 133)","(106, 86, 83)",businesscasual_images/2_42.webp
100,,"(80, 90, 103)","(82, 87, 96)",businesscasual_images/2_43.webp
101,,"(110, 105, 113)","(70, 66, 74)",businesscasual_images/2_44.webp
102,,"(69, 76, 91)","(25, 34, 44)",businesscasual_images/2_45.webp
103,,"(31, 35, 41)","(32, 32, 35)",businesscasual_images/2_46.webp
104,,"(27, 47, 50)","(41, 55, 59)",businesscasual_images/2_47.webp
105,,"(88, 89, 99)","(111, 114, 123)",businesscasual_images/2_48.webp
106,,"(68, 70, 77)","(60, 66, 76)",businesscasual_images/2_49.webp
107,,"(45, 41, 51)","(73, 78, 94)",businesscasual_images/2_50.webp
108,,"(44, 50, 55)","(37, 43, 39)",businesscasual_images/2_51.webp
109,,"(74, 73, 82)","(127, 136, 153)",businesscasual_images/2_52.webp
110,,"(101, 98, 103)","(75, 71, 72)",businesscasual_images/2_53.webp
111,,"(39, 39, 47)","(178, 169, 149)",businesscasual_images/2_54.webp
112,,"(57, 61, 68)","(83, 87, 90)",businesscasual_images/2_55.webp
113,,"(194, 181, 166)","(108, 104, 98)",businesscasual_images/2_56.webp
114,,"(45, 49, 56)","(58, 60, 64)",businesscasual_images/2_57.webp
115,,"(116, 110, 96)","(79, 77, 73)",businesscasual_images/2_58.webp
116,,"(93, 95, 98)","(132, 134, 136)",businesscasual_images/2_59.webp
117,,"(137, 123, 115)","(49, 47, 48)",businesscasual_images/3_0.webp
118,,"(107, 102, 109)","(86, 80, 80)",businesscasual_images/3_1.webp
119,,"(200, 191, 190)","(68, 66, 72)",businesscasual_images/3_2.webp
120,,"(87, 85, 86)","(79, 76, 74)",businesscasual_images/3_3.webp
121,,"(161, 59, 66)","(85, 74, 68)",businesscasual_images/3_4.webp
122,,"(47, 43, 48)","(127, 115, 108)",businesscasual_images/3_5.webp
123,,"(78, 76, 83)","(50, 50, 60)",businesscasual_images/3_6.webp
124,,"(78, 73, 69)",,businesscasual_images/3_7.webp
125,,"(117, 124, 127)",,businesscasual_images/3_8.webp
126,,"(68, 70, 65)","(34, 36, 35)",businesscasual_images/3_9.webp
127,,"(132, 110, 93)","(132, 110, 92)",businesscasual_images/3_10.webp
128,,"(125, 123, 126)",,businesscasual_images/3_11.webp
129,,"(99, 88, 85)","(54, 40, 39)",businesscasual_images/3_12.webp
130,,"(135, 119, 103)","(97, 89, 83)",businesscasual_images/3_13.webp
131,,"(126, 124, 139)","(91, 92, 100)",businesscasual_images/3_14.webp
132,,"(215, 209, 197)","(154, 153, 156)",businesscasual_images/3_15.webp
133,,"(139, 137, 145)",,businesscasual_images/3_16.webp
134,,"(98, 117, 111)","(86, 96, 89)",businesscasual_images/3_17.webp
135,,"(21, 25, 34)","(46, 47, 47)",businesscasual_images/3_18.webp
136,,"(26, 30, 29)","(53, 62, 45)",businesscasual_images/3_19.webp
137,,"(59, 58, 58)","(44, 45, 43)",businesscasual_images/3_20.webp
138,,"(75, 78, 85)","(119, 118, 125)",businesscasual_images/3_21.webp
139,,"(61, 76, 86)","(51, 69, 75)",businesscasual_images/3_22.webp
140,,"(193, 185, 171)","(202, 194, 182)",businesscasual_images/3_23.webp
141,,"(74, 73, 72)","(35, 40, 41)",businesscasual_images/3_24.webp
142,,"(69, 68, 76)","(90, 85, 89)",businesscasual_images/3_25.webp
143,,"(76, 78, 78)","(37, 37, 31)",businesscasual_images/3_26.webp
144,,"(161, 154, 147)","(64, 64, 54)",businesscasual_images/3_27.webp
145,,"(178, 166, 160)","(162, 139, 114)",businesscasual_images/3_28.webp
146,,"(208, 196, 181)","(80, 66, 55)",businesscasual_images/3_29.webp
147,,"(193, 184, 181)","(211, 195, 188)",businesscasual_images/3_30.webp
148,,"(188, 182, 181)","(189, 180, 176)",businesscasual_images/3_31.webp
149,,"(102, 79, 71)","(164, 166, 163)",businesscasual_images/3_32.webp
150,,"(181, 176, 174)","(196, 186, 177)",businesscasual_images/3_33.webp
151,,"(142, 143, 150)","(54, 61, 70)",businesscasual_images/3_34.webp
152,,"(218, 210, 207)","(195, 176, 169)",businesscasual_images/3_35.webp
153,,"(157, 162, 167)","(161, 153, 146)",businesscasual_images/3_36.webp
154,,"(71, 73, 78)","(68, 69, 73)",businesscasual_images/3_37.webp
155,,"(50, 51, 56)","(169, 147, 99)",businesscasual_images/3_38.webp
156,,"(72, 78, 79)","(115, 119, 120)",businesscasual_images/3_39.webp
157,,"(42, 45, 67)","(84, 85, 94)",businesscasual_images/3_40.webp
158,,"(158, 168, 185)","(169, 161, 153)",businesscasual_images/3_41.webp
159,,"(108, 118, 137)","(60, 69, 89)",businesscasual_images/3_42.webp
160,,"(43, 46, 53)","(48, 51, 54)",businesscasual_images/3_43.webp
161,,"(76, 72, 75)","(35, 33, 38)",businesscasual_images/3_44.webp
162,,"(59, 58, 59)","(30, 29, 33)",businesscasual_images/3_45.webp
163,,"(63, 64, 75)","(43, 43, 49)",businesscasual_images/3_46.webp
164,,"(98, 95, 96)","(58, 56, 63)",businesscasual_images/3_47.webp
165,,"(137, 137, 139)","(81, 82, 84)",businesscasual_images/3_48.webp
166,,"(129, 130, 128)",,businesscasual_images/3_49.webp
167,,"(148, 136, 130)","(115, 111, 110)",businesscasual_images/3_50.webp
168,,"(194, 201, 203)","(60, 72, 82)",businesscasual_images/3_51.webp
169,,"(151, 173, 193)","(172, 152, 126)",businesscasual_images/3_52.webp
170,,"(116, 110, 99)","(137, 130, 115)",businesscasual_images/3_53.webp
171,,"(26, 39, 48)","(67, 75, 77)",businesscasual_images/3_54.webp
172,,"(73, 73, 87)","(92, 89, 94)",businesscasual_images/3_55.webp
173,,"(24, 40, 52)","(26, 38, 46)",businesscasual_images/3_56.webp
174,,"(178, 181, 177)","(72, 75, 78)",businesscasual_images/3_57.webp
175,,"(145, 125, 106)","(159, 159, 148)",businesscasual_images/3_58.webp
176,,"(31, 34, 51)","(88, 96, 120)",businesscasual_images/3_59.webp
177,,"(114, 116, 103)","(74, 71, 67)",businesscasual_images/4_0.webp
178,,"(52, 48, 41)","(39, 34, 29)",businesscasual_images/4_1.webp
179,,"(20, 20, 20)","(138, 129, 104)",businesscasual_images/4_2.webp
180,,"(60, 77, 88)","(79, 56, 55)",businesscasual_images/4_3.webp
181,,"(108, 106, 110)",,businesscasual_images/4_4.webp
182,,"(50, 44, 38)","(171, 143, 109)",businesscasual_images/4_5.webp
183,,"(54, 49, 57)",,businesscasual_images/4_6.webp
184,,"(84, 93, 102)","(103, 127, 144)",businesscasual_images/4_7.webp
185,,"(92, 66, 51)",,businesscasual_images/4_8.webp
186,,"(167, 137, 105)","(82, 76, 71)",businesscasual_images/4_9.webp
187,,"(26, 22, 18)",,businesscasual_images/4_10.webp
188,,"(182, 152, 133)",,businesscasual_images/4_11.webp
189,,"(30, 40, 50)",,businesscasual_images/4_12.webp
190,,"(174, 179, 193)",,businesscasual_images/4_13.webp
191,,"(93, 78, 81)","(36, 44, 56)",businesscasual_images/4_14.webp
192,,"(84, 80, 78)","(162, 152, 151)",businesscasual_images/4_15.webp
193,,"(93, 89, 90)","(197, 192, 194)",businesscasual_images/4_16.webp
194,,"(49, 55, 71)",,businesscasual_images/4_17.webp
195,,"(57, 57, 55)","(46, 45, 41)",businesscasual_images/4_18.webp
196,,"(179, 174, 178)","(87, 87, 95)",businesscasual_images/4_20.webp
197,,"(112, 110, 130)","(185, 153, 114)",businesscasual_images/4_21.webp
198,,"(68, 63, 64)","(138, 106, 85)",businesscasual_images/4_22.webp
199,,"(103, 104, 114)","(189, 178, 182)",businesscasual_images/4_23.webp
200,,"(195, 181, 157)",,businesscasual_images/4_24.webp
201,,"(58, 62, 86)","(62, 56, 60)",businesscasual_images/4_25.webp
202,,"(78, 74, 68)","(37, 36, 35)",businesscasual_images/4_26.webp
203,,"(161, 143, 123)","(144, 135, 125)",businesscasual_images/4_27.webp
204,,"(73, 70, 82)","(86, 126, 156)",businesscasual_images/4_28.webp
205,,"(86, 86, 89)","(150, 144, 149)",businesscasual_images/4_29.webp
206,,"(23, 49, 77)","(41, 48, 56)",businesscasual_images/4_30.webp
207,,"(86, 79, 73)","(114, 111, 103)",businesscasual_images/4_31.webp
208,,"(127, 129, 131)","(83, 87, 89)",businesscasual_images/4_32.webp
209,,"(174, 174, 169)","(178, 174, 165)",businesscasual_images/4_33.webp
210,,"(79, 82, 103)","(40, 41, 52)",businesscasual_images/4_34.webp
211,,"(110, 118, 123)",,businesscasual_images/4_35.webp
212,,"(119, 123, 120)","(114, 117, 116)",businesscasual_images/4_37.webp
213,,"(120, 116, 105)","(186, 148, 128)",businesscasual_images/4_38.webp
214,,"(42, 35, 27)",,businesscasual_images/4_39.webp
215,,"(55, 49, 34)","(99, 89, 74)",businesscasual_images/4_40.webp
216,,"(223, 224, 225)","(45, 55, 68)",businesscasual_images/4_41.webp
217,,"(67, 62, 59)","(160, 157, 148)",businesscasual_images/4_42.webp
218,,"(152, 148, 139)","(33, 36, 39)",businesscasual_images/4_43.webp
219,,"(202, 206, 216)","(84, 83, 82)",businesscasual_images/4_45.webp
220,,"(199, 212, 222)","(42, 67, 129)",businesscasual_images/4_46.webp
221,,"(58, 59, 64)","(55, 56, 62)",businesscasual_images/4_47.webp
222,,"(172, 173, 171)","(161, 145, 132)",businesscasual_images/4_48.webp
223,,"(63, 72, 81)","(91, 101, 118)",businesscasual_images/4_49.webp
224,,"(189, 179, 188)","(187, 172, 182)",businesscasual_images/4_50.webp
225,,"(222, 225, 222)","(196, 195, 194)",businesscasual_images/4_51.webp
226,,"(187, 182, 183)","(108, 106, 99)",businesscasual_images/4_52.webp
227,,"(101, 134, 158)","(215, 204, 182)",businesscasual_images/4_54.webp
228,,"(175, 175, 172)","(140, 140, 136)",businesscasual_images/4_55.webp
229,,"(191, 195, 199)","(130, 128, 130)",businesscasual_images/4_56.webp
230,,"(135, 124, 125)","(119, 112, 111)",businesscasual_images/4_57.webp
231,,"(36, 43, 57)","(129, 129, 134)",businesscasual_images/4_58.webp
232,,"(206, 195, 179)","(56, 53, 52)",businesscasual_images/4_59.webp
233,,"(52, 74, 86)","(37, 35, 29)",businesscasual_images/5_0.webp
234,,"(30, 40, 52)","(119, 118, 103)",businesscasual_images/5_1.webp
235,,"(146, 137, 119)",,businesscasual_images/5_2.webp
236,,"(107, 124, 146)","(71, 74, 80)",businesscasual_images/5_3.webp
237,,"(129, 121, 119)","(146, 156, 159)",businesscasual_images/5_4.webp
238,,"(100, 103, 117)","(82, 89, 105)",businesscasual_images/5_5.webp
239,,"(169, 141, 96)","(61, 58, 55)",businesscasual_images/5_6.webp
240,,"(169, 141, 96)","(61, 58, 55)",businesscasual_images/5_7.webp
241,,"(157, 147, 141)",,businesscasual_images/5_8.webp
242,,"(73, 81, 81)","(102, 106, 98)",businesscasual_images/5_9.webp
243,,"(58, 90, 105)","(96, 120, 129)",businesscasual_images/5_10.webp
244,,"(186, 166, 149)","(163, 147, 134)",businesscasual_images/5_11.webp
245,,"(158, 144, 117)","(128, 121, 107)",businesscasual_images/5_12.webp
246,,"(58, 62, 72)","(79, 82, 91)",businesscasual_images/5_13.webp
247,,"(123, 116, 111)","(199, 194, 184)",businesscasual_images/5_14.webp
248,,"(51, 61, 73)",,businesscasual_images/5_15.webp
249,,"(113, 50, 163)","(168, 166, 169)",businesscasual_images/5_17.webp
250,,"(53, 58, 63)","(49, 49, 50)",businesscasual_images/5_18.webp
251,,"(47, 72, 90)","(85, 95, 106)",businesscasual_images/5_20.webp
252,,"(134, 122, 105)",,businesscasual_images/5_21.webp
253,,"(52, 65, 77)","(105, 109, 110)",businesscasual_images/5_22.webp
254,,"(85, 93, 119)","(98, 104, 126)",businesscasual_images/5_23.webp
255,,"(116, 61, 70)","(113, 94, 44)",businesscasual_images/5_24.webp
256,,"(20, 23, 25)","(17, 18, 20)",businesscasual_images/5_25.webp
257,,"(143, 124, 119)","(76, 71, 75)",businesscasual_images/5_26.webp
258,,"(64, 55, 57)","(82, 68, 71)",businesscasual_images/5_27.webp
259,,"(168, 146, 137)",,businesscasual_images/5_28.webp
260,,"(81, 83, 89)",,businesscasual_images/5_29.webp
261,,"(44, 47, 56)",,businesscasual_images/5_30.webp
262,,"(56, 54, 53)","(34, 32, 33)",businesscasual_images/5_31.webp
263,,"(49, 61, 68)","(30, 39, 42)",businesscasual_images/5_32.webp
264,,"(35, 41, 39)","(53, 88, 110)",businesscasual_images/5_33.webp
265,,"(114, 98, 89)","(54, 52, 52)",businesscasual_images/5_34.webp
266,,"(49, 46, 40)","(38, 29, 19)",businesscasual_images/5_35.webp
267,,"(88, 46, 60)","(84, 97, 89)",businesscasual_images/5_36.webp
268,,"(12, 10, 6)","(18, 15, 14)",businesscasual_images/5_38.webp
269,,"(16, 28, 30)","(39, 44, 41)",businesscasual_images/5_39.webp
270,,"(35, 35, 37)","(14, 23, 28)",businesscasual_images/5_40.webp
271,,"(56, 62, 78)","(64, 67, 78)",businesscasual_images/5_41.webp
272,,"(42, 37, 44)",,businesscasual_images/5_42.webp
273,,"(81, 89, 106)","(161, 133, 126)",businesscasual_images/5_43.webp
274,,"(174, 136, 89)","(56, 51, 39)",businesscasual_images/5_45.webp
275,,"(144, 126, 102)","(116, 102, 94)",businesscasual_images/5_46.webp
276,,"(109, 80, 55)","(73, 61, 48)",businesscasual_images/5_47.webp
277,,"(131, 109, 71)","(134, 115, 90)",businesscasual_images/5_48.webp
278,,"(35, 37, 37)","(37, 43, 49)",businesscasual_images/5_49.webp
279,,"(53, 50, 54)",,businesscasual_images/5_50.webp
280,,"(67, 58, 60)","(48, 52, 55)",businesscasual_images/5_51.webp
281,,"(63, 53, 48)","(131, 102, 80)",businesscasual_images/5_52.webp
282,,"(119, 126, 140)","(106, 112, 122)",businesscasual_images/5_53.webp
283,,"(127, 108, 99)",,businesscasual_images/5_54.webp
284,,"(21, 72, 109)","(161, 122, 80)",businesscasual_images/5_55.webp
285,,"(76, 81, 88)",,businesscasual_images/5_56.webp
286,,"(50, 46, 44)","(41, 40, 41)",businesscasual_images/5_57.webp
287,,"(79, 78, 79)","(135, 133, 144)",businesscasual_images/5_58.webp
288,,"(79, 77, 76)","(58, 57, 59)",businesscasual_images/5_59.webp
289,,"(196, 180, 185)","(190, 180, 189)",businesscasual_images/6_0.webp
290,,"(109, 122, 126)","(133, 126, 122)",businesscasual_images/6_1.webp
291,,"(89, 78, 67)","(119, 106, 98)",businesscasual_images/6_2.webp
292,,"(85, 86, 89)","(62, 61, 71)",businesscasual_images/6_3.webp
293,,"(95, 86, 85)","(68, 55, 49)",businesscasual_images/6_4.webp
294,,"(56, 55, 61)","(64, 61, 65)",businesscasual_images/6_5.webp
295,,"(164, 147, 132)","(91, 99, 106)",businesscasual_images/6_6.webp
296,,"(199, 190, 204)","(173, 169, 182)",businesscasual_images/6_7.webp
297,,"(216, 213, 216)",,businesscasual_images/6_8.webp
298,,"(110, 93, 90)","(154, 130, 114)",businesscasual_images/6_9.webp
299,,"(185, 188, 192)","(116, 121, 129)",businesscasual_images/6_10.webp
300,,"(50, 44, 52)","(35, 28, 34)",businesscasual_images/6_11.webp
301,,"(195, 184, 176)","(208, 191, 173)",businesscasual_images/6_12.webp
302,,"(79, 84, 89)","(51, 58, 60)",businesscasual_images/6_13.webp
303,,"(62, 57, 58)","(134, 112, 105)",businesscasual_images/6_14.webp
304,,"(59, 58, 59)","(137, 118, 104)",businesscasual_images/6_15.webp
305,,"(171, 170, 162)","(72, 71, 79)",businesscasual_images/6_16.webp
306,,"(164, 143, 137)","(128, 122, 125)",businesscasual_images/6_17.webp
307,,"(111, 94, 90)","(96, 93, 93)",businesscasual_images/6_18.webp
308,,"(228, 229, 223)",,businesscasual_images/6_19.webp
309,,"(140, 114, 96)","(15, 43, 92)",businesscasual_images/6_20.webp
310,,"(174, 45, 58)","(58, 96, 123)",businesscasual_images/6_21.webp
311,,"(144, 134, 126)","(187, 171, 160)",businesscasual_images/6_22.webp
312,,"(166, 178, 168)","(167, 173, 160)",businesscasual_images/6_23.webp
313,,"(37, 32, 40)","(71, 47, 45)",businesscasual_images/6_24.webp
314,,"(172, 156, 145)","(184, 172, 161)",businesscasual_images/6_25.webp
315,,"(46, 58, 64)","(48, 60, 65)",businesscasual_images/6_26.webp
316,,"(85, 73, 65)","(81, 71, 64)",businesscasual_images/6_27.webp
317,,"(173, 172, 162)","(140, 137, 131)",businesscasual_images/6_28.webp
318,,"(74, 47, 63)","(48, 41, 51)",businesscasual_images/6_29.webp
319,,"(104, 115, 118)","(184, 189, 189)",businesscasual_images/6_30.webp
320,,"(54, 54, 53)","(25, 34, 31)",businesscasual_images/6_31.webp
321,,"(207, 187, 167)","(186, 167, 149)",businesscasual_images/6_32.webp
322,,"(157, 149, 152)","(176, 175, 189)",businesscasual_images/6_33.webp
323,,"(177, 176, 173)","(88, 90, 107)",businesscasual_images/6_34.webp
324,,"(117, 106, 92)","(151, 138, 129)",businesscasual_images/6_35.webp
325,,"(149, 155, 166)","(155, 139, 133)",businesscasual_images/6_36.webp
326,,"(112, 113, 113)","(143, 146, 147)",businesscasual_images/6_37.webp
327,,"(72, 85, 106)",,businesscasual_images/6_38.webp
328,,"(47, 48, 49)","(59, 62, 60)",businesscasual_images/6_39.webp
329,,"(142, 139, 134)","(125, 87, 98)",businesscasual_images/6_40.webp
330,,"(86, 64, 59)","(167, 155, 147)",businesscasual_images/6_41.webp
331,,"(114, 131, 160)","(132, 141, 154)",businesscasual_images/6_42.webp
332,,"(150, 165, 175)","(164, 171, 179)",businesscasual_images/6_43.webp
333,,"(148, 157, 167)","(118, 105, 104)",businesscasual_images/6_44.webp
334,,"(67, 54, 73)","(88, 83, 93)",businesscasual_images/6_45.webp
335,,"(94, 121, 167)","(87, 87, 109)",businesscasual_images/6_46.webp
336,,"(57, 50, 63)","(67, 63, 75)",businesscasual_images/6_47.webp
337,,"(123, 121, 94)","(174, 188, 199)",businesscasual_images/6_48.webp
338,,"(124, 133, 147)","(148, 155, 161)",businesscasual_images/6_49.webp
339,,"(137, 138, 136)","(61, 58, 67)",businesscasual_images/6_50.webp
340,,"(60, 105, 156)",,businesscasual_images/6_51.webp
341,,"(23, 17, 27)","(65, 41, 63)",businesscasual_images/6_52.webp
342,,"(116, 98, 96)","(99, 96, 114)",businesscasual_images/6_53.webp
343,,"(118, 108, 94)","(152, 139, 130)",businesscasual_images/6_54.webp
344,,"(67, 53, 59)","(82, 60, 88)",businesscasual_images/6_55.webp
345,,"(163, 171, 172)","(195, 199, 187)",businesscasual_images/6_56.webp
346,,"(184, 174, 160)","(158, 145, 133)",businesscasual_images/6_57.webp
347,,"(190, 195, 196)","(178, 183, 185)",businesscasual_images/6_58.webp
348,,"(122, 128, 120)","(69, 61, 63)",businesscasual_images/6_59.webp
349,,"(190, 195, 196)","(178, 183, 185)",businesscasual_images/7_0.webp
350,,"(184, 174, 160)","(158, 145, 133)",businesscasual_images/7_1.webp
351,,"(159, 168, 186)","(197, 191, 190)",businesscasual_images/7_2.webp
352,,"(120, 117, 98)","(138, 116, 96)",businesscasual_images/7_3.webp
353,,"(126, 115, 109)","(180, 150, 83)",businesscasual_images/7_4.webp
354,,"(142, 156, 167)","(113, 120, 123)",businesscasual_images/7_5.webp
355,,"(223, 219, 218)","(180, 168, 148)",businesscasual_images/7_6.webp
356,,"(76, 77, 71)","(61, 70, 71)",businesscasual_images/7_7.webp
357,,"(52, 52, 46)","(54, 54, 46)",businesscasual_images/7_8.webp
358,,"(37, 39, 45)","(73, 72, 73)",businesscasual_images/7_9.webp
359,,"(203, 190, 160)","(160, 148, 123)",businesscasual_images/7_10.webp
360,,"(66, 76, 84)","(69, 77, 82)",businesscasual_images/7_11.webp
361,,"(92, 98, 108)","(164, 150, 132)",businesscasual_images/7_12.webp
362,,"(164, 162, 171)","(118, 119, 122)",businesscasual_images/7_13.webp
363,,"(109, 102, 93)","(101, 95, 92)",businesscasual_images/7_14.webp
364,,"(68, 66, 59)",,businesscasual_images/7_15.webp
365,,"(33, 27, 20)","(60, 53, 41)",businesscasual_images/7_16.webp
366,,"(31, 25, 18)","(29, 26, 22)",businesscasual_images/7_17.webp
367,,"(56, 51, 45)","(46, 42, 40)",businesscasual_images/7_18.webp
368,,"(36, 28, 19)","(42, 34, 24)",businesscasual_images/7_19.webp
369,,"(74, 67, 65)","(51, 44, 37)",businesscasual_images/7_20.webp
370,,"(67, 63, 70)","(51, 46, 43)",businesscasual_images/7_21.webp
371,,"(48, 43, 36)","(75, 71, 70)",businesscasual_images/7_22.webp
372,,"(61, 59, 45)","(63, 51, 39)",businesscasual_images/7_23.webp
373,,"(57, 32, 19)","(81, 57, 40)",businesscasual_images/7_24.webp
374,,"(162, 161, 151)","(132, 128, 119)",businesscasual_images/7_25.webp
375,,"(177, 176, 175)","(140, 139, 146)",businesscasual_images/7_26.webp
376,,"(161, 157, 154)","(181, 180, 180)",businesscasual_images/7_27.webp
377,,"(50, 62, 86)","(47, 54, 65)",businesscasual_images/7_28.webp
378,,"(148, 129, 110)","(109, 98, 86)",businesscasual_images/7_29.webp
379,,"(193, 186, 190)",,businesscasual_images/7_30.webp
380,,"(133, 132, 130)","(81, 77, 80)",businesscasual_images/7_31.webp
381,,"(17, 23, 68)","(108, 85, 68)",businesscasual_images/7_32.webp
382,,"(178, 196, 208)",,businesscasual_images/7_33.webp
383,,"(35, 34, 38)","(65, 58, 55)",businesscasual_images/7_34.webp
384,,"(141, 127, 130)","(104, 89, 87)",businesscasual_images/7_35.webp
385,,"(76, 64, 61)","(30, 30, 46)",businesscasual_images/7_36.webp
386,,"(178, 169, 158)","(174, 172, 164)",businesscasual_images/7_37.webp
387,,"(192, 180, 164)",,businesscasual_images/7_38.webp
388,,"(69, 65, 62)","(137, 136, 130)",businesscasual_images/7_39.webp
389,,"(172, 161, 149)",,businesscasual_images/7_40.webp
390,,"(49, 48, 42)","(33, 51, 61)",businesscasual_images/7_42.webp
391,,"(126, 111, 86)","(146, 132, 113)",businesscasual_images/7_43.webp
392,,"(54, 53, 58)","(66, 63, 64)",businesscasual_images/7_44.webp
393,,"(149, 147, 147)",,businesscasual_images/7_45.webp
394,,"(110, 110, 115)","(104, 101, 102)",businesscasual_images/7_46.webp
395,,"(131, 116, 105)","(55, 48, 42)",businesscasual_images/7_47.webp
396,,"(49, 50, 67)","(67, 58, 55)",businesscasual_images/7_48.webp
397,,"(40, 39, 47)","(96, 95, 100)",businesscasual_images/7_49.webp
398,,"(46, 32, 30)","(56, 40, 36)",businesscasual_images/7_50.webp
399,,"(48, 45, 50)","(83, 77, 78)",businesscasual_images/7_51.webp
400,,"(130, 103, 85)","(120, 97, 85)",businesscasual_images/7_52.webp
401,,"(157, 159, 162)","(89, 97, 109)",businesscasual_images/7_53.webp
402,,"(88, 88, 89)","(41, 39, 45)",businesscasual_images/7_55.webp
403,,"(79, 91, 82)","(103, 105, 101)",businesscasual_images/7_56.webp
404,,"(59, 61, 65)","(59, 59, 62)",businesscasual_images/7_57.webp
405,,"(138, 115, 99)",,businesscasual_images/7_58.webp
406,,"(42, 39, 39)","(20, 14, 16)",businesscasual_images/7_59.webp
407,,"(107, 103, 103)","(154, 141, 127)",businesscasual_images/8_0.webp
408,,"(81, 78, 82)","(67, 65, 71)",businesscasual_images/8_1.webp
409,,"(119, 64, 56)","(96, 85, 96)",businesscasual_images/8_2.webp
410,,"(30, 36, 43)","(116, 119, 120)",businesscasual_images/8_3.webp
411,,"(133, 135, 140)","(127, 130, 135)",businesscasual_images/8_4.webp
412,,"(113, 95, 89)","(100, 85, 81)",businesscasual_images/8_5.webp
413,,"(71, 74, 82)",,businesscasual_images/8_6.webp
414,,"(78, 84, 100)","(203, 185, 155)",businesscasual_images/8_7.webp
415,,"(122, 113, 102)","(169, 51, 58)",businesscasual_images/8_8.webp
416,,"(32, 35, 44)","(92, 92, 92)",businesscasual_images/8_9.webp
417,,"(73, 71, 84)","(149, 146, 152)",businesscasual_images/8_10.webp
418,,"(63, 55, 47)",,businesscasual_images/8_11.webp
419,,"(86, 75, 64)","(62, 56, 44)",businesscasual_images/8_12.webp
420,,"(77, 52, 50)","(114, 87, 82)",businesscasual_images/8_13.webp
421,,"(33, 31, 35)",,businesscasual_images/8_14.webp
422,,"(33, 32, 31)","(39, 36, 32)",businesscasual_images/8_15.webp
423,,"(126, 102, 78)","(80, 55, 39)",businesscasual_images/8_16.webp
424,,"(36, 36, 36)","(27, 28, 32)",businesscasual_images/8_17.webp
425,,"(61, 60, 66)","(52, 54, 70)",businesscasual_images/8_18.webp
426,,"(173, 152, 135)","(175, 155, 137)",businesscasual_images/8_19.webp
427,,"(99, 102, 103)","(91, 92, 90)",businesscasual_images/8_20.webp
428,,"(46, 37, 44)",,businesscasual_images/8_21.webp
429,,"(72, 72, 70)","(69, 67, 61)",businesscasual_images/8_22.webp
430,,"(97, 80, 68)","(106, 82, 67)",businesscasual_images/8_23.webp
431,,"(99, 100, 106)","(57, 62, 68)",businesscasual_images/8_24.webp
432,,"(27, 22, 25)","(68, 64, 66)",businesscasual_images/8_25.webp
433,,"(54, 42, 37)",,businesscasual_images/8_26.webp
434,,"(12, 15, 21)",,businesscasual_images/8_27.webp
435,,"(76, 74, 79)","(85, 91, 102)",businesscasual_images/8_28.webp
436,,"(95, 97, 103)","(145, 143, 140)",businesscasual_images/8_29.webp
437,,"(65, 69, 67)","(127, 143, 141)",businesscasual_images/8_30.webp
438,,"(113, 76, 89)","(55, 18, 29)",businesscasual_images/8_31.webp
439,,"(27, 28, 35)","(75, 74, 84)",businesscasual_images/8_32.webp
440,,"(146, 145, 152)","(58, 60, 74)",businesscasual_images/8_33.webp
441,,"(26, 30, 35)","(31, 36, 41)",businesscasual_images/8_34.webp
442,,"(62, 67, 68)","(151, 169, 172)",businesscasual_images/8_35.webp
443,,"(55, 73, 97)","(80, 88, 105)",businesscasual_images/8_36.webp
444,,"(24, 24, 29)","(37, 37, 39)",businesscasual_images/8_37.webp
445,,"(172, 160, 154)",,businesscasual_images/8_38.webp
446,,"(127, 130, 132)","(76, 82, 94)",businesscasual_images/8_39.webp
447,,"(106, 84, 66)","(135, 132, 112)",businesscasual_images/8_40.webp
448,,"(160, 133, 113)","(101, 62, 43)",businesscasual_images/8_41.webp
449,,"(201, 204, 204)","(140, 137, 129)",businesscasual_images/8_42.webp
450,,"(122, 128, 152)","(67, 63, 65)",businesscasual_images/8_43.webp
451,,"(215, 29, 17)","(162, 30, 22)",businesscasual_images/8_44.webp
452,,"(87, 84, 81)","(81, 82, 86)",businesscasual_images/8_45.webp
453,,"(75, 69, 70)","(85, 80, 80)",businesscasual_images/8_47.webp
454,,"(107, 104, 107)","(83, 84, 95)",businesscasual_images/8_48.webp
455,,"(36, 44, 54)","(62, 69, 80)",businesscasual_images/8_49.webp
456,,"(110, 101, 86)","(201, 200, 204)",businesscasual_images/8_50.webp
457,,"(68, 52, 43)","(88, 75, 66)",businesscasual_images/8_51.webp
458,,"(173, 178, 184)","(196, 190, 190)",businesscasual_images/8_52.webp
459,,"(100, 100, 106)","(121, 120, 123)",businesscasual_images/8_53.webp
460,,"(145, 128, 113)","(163, 149, 134)",businesscasual_images/8_54.webp
461,,"(99, 86, 80)","(54, 48, 44)",businesscasual_images/8_55.webp
462,,"(109, 103, 99)","(55, 48, 46)",businesscasual_images/8_56.webp
463,,"(25, 29, 33)",,businesscasual_images/8_57.webp
464,,"(53, 53, 57)","(156, 152, 151)",businesscasual_images/8_58.webp
465,,"(90, 66, 51)","(55, 48, 43)",businesscasual_images/8_59.webp
466,,"(55, 58, 68)","(58, 58, 61)",businesscasual_images/9_0.webp
467,,"(179, 150, 124)","(180, 154, 128)",businesscasual_images/9_1.webp
468,,"(91, 90, 84)","(138, 131, 115)",businesscasual_images/9_2.webp
469,,"(141, 145, 136)","(172, 169, 156)",businesscasual_images/9_3.webp
470,,"(140, 130, 117)","(87, 76, 65)",businesscasual_images/9_4.webp
471,,"(153, 132, 115)","(76, 88, 95)",businesscasual_images/9_5.webp
472,,"(51, 48, 52)",,businesscasual_images/9_6.webp
473,,"(94, 75, 74)","(57, 80, 97)",businesscasual_images/9_7.webp
474,,"(140, 140, 146)","(58, 62, 69)",businesscasual_images/9_8.webp
475,,"(38, 41, 47)","(24, 24, 29)",businesscasual_images/9_10.webp
476,,"(66, 67, 70)",,businesscasual_images/9_11.webp
477,,"(29, 30, 37)","(11, 12, 22)",businesscasual_images/9_13.webp
478,,"(63, 66, 75)","(51, 50, 50)",businesscasual_images/9_14.webp
479,,"(121, 121, 125)","(107, 113, 120)",businesscasual_images/9_15.webp
480,,"(20, 99, 145)","(32, 84, 118)",businesscasual_images/9_16.webp
481,,"(127, 107, 96)","(74, 69, 70)",businesscasual_images/9_17.webp
482,,"(182, 158, 150)",,businesscasual_images/9_18.webp
483,,"(163, 163, 166)",,businesscasual_images/9_19.webp
484,,"(33, 31, 37)","(69, 75, 81)",businesscasual_images/9_20.webp
485,,"(54, 52, 49)","(84, 83, 81)",businesscasual_images/9_21.webp
486,,"(68, 64, 62)","(51, 50, 50)",businesscasual_images/9_22.webp
487,,"(38, 35, 40)","(51, 51, 62)",businesscasual_images/9_23.webp
488,,"(53, 52, 53)","(72, 71, 69)",businesscasual_images/9_24.webp
489,,"(80, 74, 67)",,businesscasual_images/9_25.webp
490,,"(38, 46, 60)","(66, 70, 78)",businesscasual_images/9_26.webp
491,,"(93, 90, 87)","(100, 94, 89)",businesscasual_images/9_27.webp
492,,"(77, 76, 76)","(83, 92, 103)",businesscasual_images/9_28.webp
493,,"(143, 99, 64)","(59, 53, 48)",businesscasual_images/9_29.webp
494,,"(34, 56, 65)","(30, 42, 53)",businesscasual_images/9_31.webp
495,,"(77, 87, 81)","(34, 31, 46)",businesscasual_images/9_32.webp
496,,"(108, 87, 78)","(45, 41, 39)",businesscasual_images/9_34.webp
497,,"(48, 32, 34)","(94, 85, 86)",businesscasual_images/9_36.webp
498,,"(49, 47, 50)","(51, 49, 54)",businesscasual_images/9_37.webp
499,,"(38, 42, 50)","(48, 49, 54)",businesscasual_images/9_38.webp
500,,"(57, 52, 38)","(53, 47, 34)",businesscasual_images/9_39.webp
501,,"(113, 111, 112)",,businesscasual_images/9_40.webp
502,,"(33, 44, 26)","(50, 81, 60)",businesscasual_images/9_41.webp
503,,"(53, 55, 63)","(45, 46, 50)",businesscasual_images/9_42.webp
504,,"(84, 86, 94)","(37, 40, 55)",businesscasual_images/9_43.webp
505,,"(88, 78, 82)","(40, 53, 67)",businesscasual_images/9_44.webp
506,,"(89, 76, 74)","(52, 45, 40)",businesscasual_images/9_45.webp
507,,"(32, 49, 67)","(62, 93, 117)",businesscasual_images/9_46.webp
508,,"(158, 164, 173)",,businesscasual_images/9_47.webp
509,,"(150, 101, 94)","(146, 155, 159)",businesscasual_images/9_48.webp
510,,"(155, 157, 172)","(114, 113, 119)",businesscasual_images/9_49.webp
511,,"(166, 144, 122)","(80, 92, 84)",businesscasual_images/9_50.webp
512,,"(133, 143, 130)","(88, 64, 50)",businesscasual_images/9_51.webp
513,,"(27, 35, 45)","(22, 25, 31)",businesscasual_images/9_52.webp
514,,"(191, 189, 198)","(169, 165, 167)",businesscasual_images/9_53.webp
515,,"(69, 66, 70)","(37, 39, 46)",businesscasual_images/9_54.webp
516,,"(96, 83, 70)","(87, 70, 61)",businesscasual_images/9_55.webp
517,,"(41, 46, 55)","(46, 21, 41)",businesscasual_images/9_56.webp
518,,"(239, 107, 83)","(141, 147, 154)",businesscasual_images/9_57.webp
519,,"(78, 82, 100)","(81, 89, 114)",businesscasual_images/9_58.webp
520,,"(29, 33, 48)","(23, 30, 42)",businesscasual_images/9_59.webp
521,,"(29, 33, 48)","(23, 30, 42)",businesscasual_images/10_0.webp
522,,"(172, 135, 82)","(99, 68, 56)",businesscasual_images/10_1.webp
523,,"(19, 24, 31)",,businesscasual_images/10_2.webp
524,,"(39, 40, 48)","(51, 50, 55)",businesscasual_images/10_3.webp
525,,"(86, 93, 85)","(56, 35, 35)",businesscasual_images/10_4.webp
526,,"(40, 51, 90)","(93, 109, 131)",businesscasual_images/10_5.webp
527,,"(76, 66, 55)","(91, 83, 75)",businesscasual_images/10_6.webp
528,,"(151, 119, 86)","(34, 26, 21)",businesscasual_images/10_7.webp
529,,"(92, 98, 104)","(130, 112, 101)",businesscasual_images/10_9.webp
530,,"(64, 77, 112)","(26, 35, 70)",businesscasual_images/10_10.webp
531,,"(52, 35, 37)","(20, 47, 67)",businesscasual_images/10_11.webp
532,,"(54, 49, 41)","(38, 44, 37)",businesscasual_images/10_12.webp
533,,"(93, 90, 89)","(146, 128, 116)",businesscasual_images/10_13.webp
534,,"(133, 110, 107)","(141, 103, 93)",businesscasual_images/10_14.webp
535,,"(132, 96, 74)","(190, 49, 50)",businesscasual_images/10_15.webp
536,,"(30, 32, 37)","(100, 95, 93)",businesscasual_images/10_16.webp
537,,"(73, 81, 75)","(67, 71, 69)",businesscasual_images/10_17.webp
538,,"(48, 41, 35)","(41, 37, 34)",businesscasual_images/10_18.webp
539,,"(98, 97, 102)",,businesscasual_images/10_19.webp
540,,"(115, 94, 80)","(63, 61, 60)",businesscasual_images/10_20.webp
541,,"(188, 176, 168)","(176, 163, 153)",businesscasual_images/10_21.webp
542,,"(91, 93, 92)","(88, 90, 89)",businesscasual_images/10_22.webp
543,,"(35, 42, 49)","(89, 91, 91)",businesscasual_images/10_23.webp
544,,"(72, 80, 89)","(91, 99, 109)",businesscasual_images/10_24.webp
545,,"(27, 31, 42)","(28, 27, 33)",businesscasual_images/10_25.webp
546,,"(90, 84, 89)","(191, 181, 177)",businesscasual_images/10_26.webp
547,,"(99, 87, 80)",,businesscasual_images/10_27.webp
548,,"(133, 113, 98)","(110, 73, 73)",businesscasual_images/10_28.webp
549,,"(120, 114, 113)","(117, 114, 115)",businesscasual_images/10_29.webp
550,,"(167, 168, 182)","(53, 55, 68)",businesscasual_images/10_30.webp
551,,"(52, 35, 37)","(20, 47, 67)",businesscasual_images/10_31.webp
552,,"(61, 71, 92)","(104, 109, 115)",businesscasual_images/10_32.webp
553,,"(154, 150, 155)","(156, 153, 160)",businesscasual_images/10_33.webp
554,,"(136, 52, 52)","(55, 54, 57)",businesscasual_images/10_34.webp
555,,"(49, 51, 53)","(81, 84, 89)",businesscasual_images/10_35.webp
556,,"(104, 113, 108)","(164, 162, 142)",businesscasual_images/10_36.webp
557,,"(155, 160, 153)","(186, 165, 151)",businesscasual_images/10_37.webp
558,,"(192, 187, 177)","(175, 169, 158)",businesscasual_images/10_38.webp
559,,"(208, 196, 178)","(145, 139, 128)",businesscasual_images/10_39.webp
560,,"(67, 73, 76)","(181, 50, 116)",businesscasual_images/10_40.webp
561,,"(135, 140, 122)","(73, 74, 79)",businesscasual_images/10_41.webp
562,,"(66, 61, 66)","(170, 157, 153)",businesscasual_images/10_42.webp
563,,"(89, 51, 56)",,businesscasual_images/10_43.webp
564,,"(141, 132, 131)","(91, 80, 78)",businesscasual_images/10_44.webp
565,,"(172, 169, 164)","(186, 140, 114)",businesscasual_images/10_45.webp
566,,"(45, 44, 45)","(78, 58, 53)",businesscasual_images/10_46.webp
567,,"(80, 71, 67)",,businesscasual_images/10_47.webp
568,,"(95, 92, 93)","(47, 49, 53)",businesscasual_images/10_48.webp
569,,"(97, 100, 107)","(94, 100, 108)",businesscasual_images/10_49.webp
570,,"(157, 153, 155)","(52, 57, 60)",businesscasual_images/10_51.webp
571,,"(147, 147, 149)",,businesscasual_images/10_52.webp
572,,"(148, 137, 127)","(65, 63, 68)",businesscasual_images/10_53.webp
573,,"(203, 204, 215)","(90, 89, 94)",businesscasual_images/10_54.webp
574,,"(28, 24, 26)","(35, 29, 25)",businesscasual_images/10_55.webp
575,,"(30, 31, 35)","(26, 19, 23)",businesscasual_images/10_56.webp
576,,"(117, 125, 139)","(47, 57, 77)",businesscasual_images/10_57.webp
577,,"(46, 50, 63)","(37, 45, 46)",businesscasual_images/10_58.webp
578,,"(64, 60, 62)","(135, 130, 133)",businesscasual_images/10_59.webp
