,casual,TOP_RGB,BOTTOM_RGB,path
0,,"(95, 88, 93)","(97, 97, 106)",casual_images/1_0.webp
1,,"(74, 78, 97)","(159, 166, 204)",casual_images/1_1.webp
2,,"(140, 115, 125)","(113, 106, 118)",casual_images/1_2.webp
3,,"(57, 69, 98)","(86, 77, 89)",casual_images/1_3.webp
4,,"(189, 186, 191)","(145, 149, 156)",casual_images/1_4.webp
5,,"(179, 180, 194)","(108, 121, 110)",casual_images/1_5.webp
6,,"(171, 171, 173)","(220, 221, 223)",casual_images/1_6.webp
7,,"(114, 99, 86)","(80, 73, 68)",casual_images/1_7.webp
8,,"(121, 121, 133)","(150, 148, 159)",casual_images/1_8.webp
9,,"(127, 122, 121)","(49, 58, 44)",casual_images/1_9.webp
10,,"(156, 154, 154)","(66, 64, 63)",casual_images/1_10.webp
11,,"(99, 106, 116)","(156, 144, 139)",casual_images/1_11.webp
12,,"(48, 43, 48)","(103, 113, 127)",casual_images/1_12.webp
13,,"(214, 167, 73)","(102, 97, 96)",casual_images/1_13.webp
14,,"(114, 128, 153)","(58, 66, 77)",casual_images/1_14.webp
15,,"(55, 57, 63)","(131, 123, 116)",casual_images/1_15.webp
16,,"(154, 149, 153)","(117, 122, 121)",casual_images/1_16.webp
17,,"(104, 95, 49)","(41, 42, 47)",casual_images/1_17.webp
18,,"(183, 186, 196)","(201, 201, 205)",casual_images/1_18.webp
19,,"(128, 135, 164)","(87, 78, 77)",casual_images/1_19.webp
20,,"(99, 76, 88)","(57, 71, 89)",casual_images/1_20.webp
21,,"(65, 69, 72)","(117, 113, 115)",casual_images/1_21.webp
22,,"(160, 153, 160)","(171, 166, 180)",casual_images/1_22.webp
23,,"(30, 31, 35)","(163, 164, 169)",casual_images/1_23.webp
24,,"(131, 136, 143)","(115, 105, 113)",casual_images/1_24.webp
25,,"(135, 138, 145)","(115, 128, 149)",casual_images/1_25.webp
26,,"(178, 173, 172)","(101, 116, 138)",casual_images/1_26.webp
27,,"(121, 85, 67)","(79, 98, 132)",casual_images/1_27.webp
28,,"(211, 212, 220)","(160, 157, 150)",casual_images/1_28.webp
29,,"(70, 71, 91)","(194, 192, 218)",casual_images/1_29.webp
30,,"(189, 181, 183)","(34, 34, 39)",casual_images/1_30.webp
31,,"(68, 67, 67)","(136, 160, 191)",casual_images/1_31.webp
32,,"(49, 53, 60)","(138, 137, 141)",casual_images/1_32.webp
33,,"(89, 101, 123)","(179, 165, 169)",casual_images/1_33.webp
34,,"(61, 115, 132)",,casual_images/1_34.webp
35,,"(187, 187, 203)","(76, 77, 83)",casual_images/1_35.webp
36,,"(76, 75, 81)","(167, 170, 177)",casual_images/1_36.webp
37,,"(54, 59, 73)","(72, 72, 87)",casual_images/1_37.webp
38,,"(102, 99, 100)","(61, 63, 68)",casual_images/1_38.webp
39,,"(152, 145, 148)","(165, 149, 175)",casual_images/1_39.webp
40,,"(80, 85, 92)","(101, 106, 114)",casual_images/1_40.webp
41,,"(197, 34, 43)","(73, 69, 80)",casual_images/1_41.webp
42,,"(161, 143, 166)","(102, 125, 155)",casual_images/1_42.webp
43,,"(135, 143, 153)","(141, 124, 125)",casual_images/1_43.webp
44,,"(196, 191, 195)","(92, 103, 112)",casual_images/1_44.webp
45,,"(89, 34, 41)","(112, 120, 136)",casual_images/1_45.webp
46,,"(64, 117, 126)","(52, 51, 60)",casual_images/1_46.webp
47,,"(43, 50, 64)","(123, 116, 111)",casual_images/1_47.webp
48,,"(157, 132, 126)","(146, 141, 148)",casual_images/1_48.webp
49,,"(170, 174, 190)","(52, 52, 65)",casual_images/1_49.webp
50,,"(70, 65, 70)","(65, 63, 70)",casual_images/1_50.webp
51,,"(80, 109, 154)","(87, 92, 112)",casual_images/1_51.webp
52,,"(167, 164, 186)","(92, 102, 129)",casual_images/1_52.webp
53,,"(58, 71, 90)","(60, 59, 49)",casual_images/1_53.webp
54,,"(138, 148, 164)","(175, 183, 203)",casual_images/1_54.webp
55,,"(48, 70, 97)","(85, 101, 122)",casual_images/1_55.webp
56,,"(115, 117, 124)","(136, 132, 136)",casual_images/1_56.webp
57,,"(39, 40, 35)","(145, 143, 141)",casual_images/1_57.webp
58,,"(39, 59, 55)","(71, 75, 89)",casual_images/1_58.webp
59,,"(42, 39, 38)","(73, 71, 58)",casual_images/1_59.webp
60,,"(39, 40, 35)","(145, 143, 141)",casual_images/2_0.webp
61,,"(187, 192, 203)","(166, 167, 171)",casual_images/2_1.webp
62,,"(32, 34, 39)","(43, 63, 92)",casual_images/2_2.webp
63,,"(42, 39, 38)","(73, 71, 58)",casual_images/2_3.webp
64,,"(49, 56, 67)","(134, 147, 167)",casual_images/2_4.webp
65,,"(167, 162, 164)","(52, 59, 61)",casual_images/2_5.webp
66,,"(35, 59, 86)","(93, 93, 85)",casual_images/2_6.webp
67,,"(52, 50, 56)","(67, 59, 60)",casual_images/2_7.webp
68,,"(205, 192, 173)","(92, 107, 123)",casual_images/2_8.webp
69,,"(167, 161, 165)","(104, 111, 124)",casual_images/2_9.webp
70,,"(178, 168, 173)","(111, 118, 127)",casual_images/2_10.webp
71,,"(119, 115, 118)",,casual_images/2_11.webp
72,,"(185, 182, 182)","(47, 71, 94)",casual_images/2_12.webp
73,,"(147, 144, 145)","(129, 127, 132)",casual_images/2_13.webp
74,,"(110, 107, 113)","(114, 118, 124)",casual_images/2_14.webp
75,,"(38, 36, 36)","(32, 33, 40)",casual_images/2_15.webp
76,,"(117, 112, 121)","(87, 84, 91)",casual_images/2_16.webp
77,,"(63, 59, 71)","(77, 70, 84)",casual_images/2_17.webp
78,,"(160, 147, 145)","(114, 112, 119)",casual_images/2_18.webp
79,,"(180, 174, 178)","(101, 107, 116)",casual_images/2_19.webp
80,,"(112, 78, 70)","(203, 186, 86)",casual_images/2_20.webp
81,,"(152, 154, 160)","(130, 136, 146)",casual_images/2_21.webp
82,,"(61, 50, 57)","(181, 145, 80)",casual_images/2_22.webp
83,,"(36, 39, 45)",,casual_images/2_23.webp
84,,"(57, 94, 134)","(180, 179, 193)",casual_images/2_24.webp
85,,"(174, 155, 156)","(158, 159, 156)",casual_images/2_25.webp
86,,"(66, 63, 70)","(47, 45, 51)",casual_images/2_26.webp
87,,"(68, 67, 70)","(125, 134, 141)",casual_images/2_27.webp
88,,"(127, 106, 111)","(167, 157, 155)",casual_images/2_28.webp
89,,"(27, 29, 33)","(74, 71, 75)",casual_images/2_29.webp
90,,"(191, 193, 203)","(23, 25, 29)",casual_images/2_30.webp
91,,"(24, 24, 28)","(177, 171, 169)",casual_images/2_31.webp
92,,"(162, 158, 164)","(95, 99, 102)",casual_images/2_32.webp
93,,"(189, 87, 120)","(88, 81, 88)",casual_images/2_33.webp
94,,"(58, 56, 57)","(92, 88, 94)",casual_images/2_34.webp
95,,"(85, 87, 104)","(198, 188, 179)",casual_images/2_35.webp
96,,"(166, 159, 167)","(72, 69, 74)",casual_images/2_36.webp
97,,"(91, 85, 92)","(38, 37, 39)",casual_images/2_37.webp
98,,"(82, 82, 87)","(131, 119, 115)",casual_images/2_38.webp
99,,"(64, 67, 74)","(140, 146, 150)",casual_images/2_39.webp
100,,"(193, 195, 199)","(170, 183, 199)",casual_images/2_40.webp
101,,"(118, 105, 87)","(69, 70, 77)",casual_images/2_41.webp
102,,"(154, 160, 186)","(143, 145, 157)",casual_images/2_42.webp
103,,"(102, 101, 105)","(121, 133, 146)",casual_images/2_43.webp
104,,"(205, 200, 206)","(100, 88, 82)",casual_images/2_44.webp
105,,"(44, 64, 95)","(183, 181, 184)",casual_images/2_45.webp
106,,"(196, 196, 211)","(60, 74, 95)",casual_images/2_46.webp
107,,"(195, 187, 184)","(56, 51, 46)",casual_images/2_47.webp
108,,"(162, 150, 151)","(25, 26, 34)",casual_images/2_48.webp
109,,"(68, 66, 73)","(174, 137, 147)",casual_images/2_49.webp
110,,"(186, 183, 187)","(77, 85, 94)",casual_images/2_50.webp
111,,"(196, 176, 176)","(79, 81, 84)",casual_images/2_51.webp
112,,"(34, 34, 39)","(87, 83, 87)",casual_images/2_52.webp
113,,"(53, 53, 63)","(49, 48, 52)",casual_images/2_53.webp
114,,"(143, 163, 198)","(73, 96, 121)",casual_images/2_54.webp
115,,"(61, 55, 61)","(96, 107, 124)",casual_images/2_55.webp
116,,"(195, 180, 176)","(122, 134, 138)",casual_images/2_56.webp
117,,"(156, 145, 143)","(93, 95, 99)",casual_images/2_57.webp
118,,"(51, 49, 54)","(120, 127, 141)",casual_images/2_58.webp
119,,"(86, 86, 97)","(158, 161, 178)",casual_images/2_59.webp
120,,"(99, 103, 108)","(96, 89, 93)",casual_images/3_0.webp
121,,"(159, 151, 149)","(114, 121, 132)",casual_images/3_1.webp
122,,"(117, 114, 121)","(126, 136, 142)",casual_images/3_2.webp
123,,"(43, 43, 45)","(74, 71, 73)",casual_images/3_3.webp
124,,"(144, 143, 155)","(63, 64, 68)",casual_images/3_4.webp
125,,"(159, 157, 158)","(136, 124, 126)",casual_images/3_5.webp
126,,"(161, 166, 189)","(46, 46, 51)",casual_images/3_6.webp
127,,"(140, 154, 169)","(158, 159, 166)",casual_images/3_7.webp
128,,"(62, 62, 66)","(75, 73, 81)",casual_images/3_8.webp
129,,"(209, 206, 204)","(114, 126, 132)",casual_images/3_9.webp
130,,"(71, 70, 73)","(112, 121, 138)",casual_images/3_10.webp
131,,"(129, 127, 139)","(75, 75, 76)",casual_images/3_11.webp
132,,"(27, 39, 79)","(84, 81, 84)",casual_images/3_12.webp
133,,"(135, 131, 130)","(170, 115, 144)",casual_images/3_13.webp
134,,"(178, 176, 191)","(93, 106, 120)",casual_images/3_14.webp
135,,"(185, 183, 188)",,casual_images/3_15.webp
136,,"(118, 97, 93)","(137, 140, 168)",casual_images/3_16.webp
137,,"(168, 152, 149)","(112, 105, 106)",casual_images/3_17.webp
138,,"(165, 164, 162)","(31, 31, 34)",casual_images/3_18.webp
139,,"(37, 33, 35)","(46, 46, 49)",casual_images/3_19.webp
140,,"(100, 97, 86)","(30, 28, 29)",casual_images/3_20.webp
141,,"(55, 50, 55)","(168, 100, 109)",casual_images/3_21.webp
142,,"(33, 46, 48)","(43, 58, 74)",casual_images/3_22.webp
143,,"(173, 176, 185)","(30, 29, 33)",casual_images/3_23.webp
144,,"(112, 116, 132)","(126, 125, 140)",casual_images/3_24.webp
145,,"(53, 51, 49)",,casual_images/3_25.webp
146,,"(40, 45, 50)","(136, 131, 126)",casual_images/3_26.webp
147,,"(27, 26, 28)","(116, 111, 112)",casual_images/3_27.webp
148,,"(86, 87, 94)","(62, 62, 71)",casual_images/3_28.webp
149,,"(68, 68, 72)","(88, 91, 97)",casual_images/3_29.webp
150,,"(111, 93, 71)","(135, 141, 164)",casual_images/3_30.webp
151,,"(74, 82, 93)","(88, 101, 72)",casual_images/3_31.webp
152,,"(61, 62, 65)","(113, 115, 124)",casual_images/3_32.webp
153,,"(56, 60, 71)","(130, 136, 145)",casual_images/3_33.webp
154,,"(174, 177, 178)","(107, 112, 148)",casual_images/3_34.webp
155,,"(29, 72, 100)","(65, 72, 87)",casual_images/3_35.webp
156,,"(139, 116, 104)","(62, 62, 65)",casual_images/3_36.webp
157,,"(77, 85, 96)","(36, 37, 42)",casual_images/3_37.webp
158,,"(128, 157, 207)","(63, 68, 79)",casual_images/3_38.webp
159,,"(161, 168, 186)",,casual_images/3_39.webp
160,,"(171, 181, 205)","(137, 139, 140)",casual_images/3_40.webp
161,,"(61, 59, 61)",,casual_images/3_41.webp
162,,"(113, 120, 124)","(96, 89, 83)",casual_images/3_42.webp
163,,"(103, 100, 105)","(90, 80, 76)",casual_images/3_43.webp
164,,"(103, 97, 97)","(59, 50, 48)",casual_images/3_44.webp
165,,"(44, 43, 47)","(61, 82, 115)",casual_images/3_45.webp
166,,"(62, 59, 61)","(64, 65, 70)",casual_images/3_46.webp
167,,"(100, 97, 101)","(48, 49, 54)",casual_images/3_47.webp
168,,"(173, 175, 183)","(77, 74, 76)",casual_images/3_48.webp
169,,"(155, 145, 143)","(93, 95, 99)",casual_images/3_49.webp
170,,"(142, 122, 97)","(92, 106, 122)",casual_images/3_50.webp
171,,"(17, 21, 26)","(27, 30, 34)",casual_images/3_51.webp
172,,"(161, 137, 110)","(56, 56, 58)",casual_images/3_52.webp
173,,"(90, 95, 100)","(35, 34, 37)",casual_images/3_53.webp
174,,"(38, 39, 40)","(74, 71, 72)",casual_images/3_54.webp
175,,"(135, 129, 133)","(120, 110, 103)",casual_images/3_55.webp
176,,"(116, 109, 109)","(53, 53, 57)",casual_images/3_56.webp
177,,"(37, 35, 37)","(43, 40, 35)",casual_images/3_57.webp
178,,"(137, 142, 145)","(119, 102, 87)",casual_images/3_58.webp
179,,"(76, 65, 56)","(111, 110, 111)",casual_images/3_59.webp
180,,"(137, 142, 145)","(119, 102, 87)",casual_images/4_0.webp
181,,"(134, 167, 200)","(93, 113, 153)",casual_images/4_1.webp
182,,"(175, 178, 188)","(49, 52, 58)",casual_images/4_2.webp
183,,"(132, 187, 138)","(68, 94, 105)",casual_images/4_3.webp
184,,"(50, 54, 64)","(130, 131, 140)",casual_images/4_4.webp
185,,"(166, 174, 177)","(40, 38, 40)",casual_images/4_5.webp
186,,"(89, 91, 97)","(157, 153, 150)",casual_images/4_6.webp
187,,"(27, 37, 49)","(58, 58, 61)",casual_images/4_7.webp
188,,"(204, 197, 187)","(58, 75, 111)",casual_images/4_8.webp
189,,"(39, 42, 44)","(102, 108, 117)",casual_images/4_9.webp
190,,"(50, 53, 59)","(35, 48, 63)",casual_images/4_10.webp
191,,"(24, 19, 18)","(139, 118, 98)",casual_images/4_11.webp
192,,"(190, 189, 201)","(80, 104, 126)",casual_images/4_12.webp
193,,"(54, 54, 58)","(43, 44, 46)",casual_images/4_13.webp
194,,"(29, 47, 69)","(72, 86, 105)",casual_images/4_14.webp
195,,"(38, 43, 55)","(84, 79, 81)",casual_images/4_15.webp
196,,"(52, 54, 54)","(25, 24, 29)",casual_images/4_16.webp
197,,"(43, 43, 49)",,casual_images/4_17.webp
198,,"(94, 82, 86)","(205, 38, 54)",casual_images/4_18.webp
199,,"(18, 21, 44)",,casual_images/4_19.webp
200,,"(69, 58, 50)","(59, 55, 52)",casual_images/4_20.webp
201,,"(78, 56, 41)","(208, 205, 199)",casual_images/4_21.webp
202,,"(199, 189, 188)","(51, 51, 56)",casual_images/4_22.webp
203,,"(174, 142, 131)","(197, 183, 166)",casual_images/4_23.webp
204,,"(43, 39, 44)","(165, 162, 158)",casual_images/4_24.webp
205,,"(131, 130, 133)","(149, 143, 142)",casual_images/4_25.webp
206,,"(169, 157, 154)","(151, 143, 152)",casual_images/4_26.webp
207,,"(132, 132, 140)","(78, 87, 102)",casual_images/4_27.webp
208,,"(40, 41, 47)","(18, 21, 29)",casual_images/4_28.webp
209,,"(57, 86, 125)","(67, 89, 110)",casual_images/4_29.webp
210,,"(170, 170, 175)","(47, 46, 45)",casual_images/4_30.webp
211,,"(49, 77, 120)","(50, 58, 68)",casual_images/4_31.webp
212,,"(216, 212, 212)","(94, 99, 103)",casual_images/4_32.webp
213,,"(75, 74, 76)","(146, 152, 157)",casual_images/4_33.webp
214,,"(83, 92, 94)","(176, 178, 183)",casual_images/4_34.webp
215,,"(118, 97, 87)","(129, 142, 150)",casual_images/4_35.webp
216,,"(28, 29, 31)","(63, 59, 58)",casual_images/4_36.webp
217,,"(182, 186, 191)","(30, 36, 42)",casual_images/4_37.webp
218,,"(190, 182, 181)","(55, 53, 58)",casual_images/4_38.webp
219,,"(77, 76, 73)","(118, 103, 76)",casual_images/4_39.webp
220,,"(74, 62, 89)","(96, 97, 89)",casual_images/4_40.webp
221,,"(53, 54, 59)","(81, 91, 100)",casual_images/4_41.webp
222,,"(79, 99, 141)","(58, 61, 72)",casual_images/4_42.webp
223,,"(75, 80, 83)","(72, 66, 66)",casual_images/4_43.webp
224,,"(209, 204, 204)","(213, 205, 197)",casual_images/4_44.webp
225,,"(45, 69, 114)","(46, 49, 56)",casual_images/4_45.webp
226,,"(14, 17, 22)","(71, 78, 89)",casual_images/4_46.webp
227,,"(121, 136, 172)","(159, 141, 137)",casual_images/4_47.webp
228,,"(93, 91, 95)","(51, 52, 60)",casual_images/4_48.webp
229,,"(46, 46, 55)","(79, 69, 74)",casual_images/4_49.webp
230,,"(81, 83, 89)","(91, 91, 90)",casual_images/4_50.webp
231,,"(145, 128, 125)","(185, 137, 110)",casual_images/4_51.webp
232,,"(56, 46, 48)","(41, 43, 52)",casual_images/4_52.webp
233,,"(114, 140, 184)","(92, 94, 104)",casual_images/4_53.webp
234,,"(197, 200, 210)","(59, 57, 57)",casual_images/4_54.webp
235,,"(88, 89, 92)","(50, 50, 55)",casual_images/4_55.webp
236,,"(73, 98, 118)","(88, 105, 117)",casual_images/4_56.webp
237,,"(38, 39, 40)","(59, 57, 55)",casual_images/4_57.webp
238,,"(50, 59, 77)","(67, 64, 64)",casual_images/4_58.webp
239,,"(114, 113, 110)","(117, 120, 128)",casual_images/4_59.webp
240,,"(46, 36, 37)",,casual_images/5_0.webp
241,,"(114, 113, 110)","(117, 120, 128)",casual_images/5_1.webp
242,,"(213, 215, 219)","(83, 77, 69)",casual_images/5_2.webp
243,,"(31, 34, 38)","(121, 131, 150)",casual_images/5_3.webp
244,,"(46, 46, 50)","(42, 43, 46)",casual_images/5_4.webp
245,,"(60, 69, 85)","(69, 74, 84)",casual_images/5_5.webp
246,,"(20, 27, 37)","(43, 60, 66)",casual_images/5_6.webp
247,,"(62, 72, 93)","(56, 55, 63)",casual_images/5_7.webp
248,,"(27, 33, 43)","(154, 153, 155)",casual_images/5_8.webp
249,,"(39, 46, 55)","(55, 55, 58)",casual_images/5_9.webp
250,,"(159, 155, 158)","(132, 143, 155)",casual_images/5_10.webp
251,,"(86, 92, 103)","(63, 72, 88)",casual_images/5_11.webp
252,,"(95, 62, 68)","(93, 101, 101)",casual_images/5_12.webp
253,,"(65, 69, 72)","(128, 133, 141)",casual_images/5_13.webp
254,,"(94, 99, 105)","(69, 69, 69)",casual_images/5_14.webp
255,,"(101, 103, 108)","(165, 168, 179)",casual_images/5_15.webp
256,,"(108, 103, 116)","(86, 101, 115)",casual_images/5_16.webp
257,,"(27, 26, 25)","(78, 82, 91)",casual_images/5_17.webp
258,,"(170, 161, 158)","(162, 156, 168)",casual_images/5_18.webp
259,,"(198, 185, 172)","(177, 169, 158)",casual_images/5_19.webp
260,,"(55, 65, 75)","(46, 45, 48)",casual_images/5_20.webp
261,,"(183, 175, 188)","(47, 54, 65)",casual_images/5_21.webp
262,,"(78, 80, 94)","(59, 57, 60)",casual_images/5_22.webp
263,,"(203, 195, 186)","(47, 45, 49)",casual_images/5_23.webp
264,,"(207, 206, 201)","(44, 42, 44)",casual_images/5_24.webp
265,,"(103, 113, 113)","(138, 147, 146)",casual_images/5_25.webp
266,,"(73, 74, 79)","(77, 72, 68)",casual_images/5_26.webp
267,,"(87, 104, 124)","(35, 40, 23)",casual_images/5_27.webp
268,,"(217, 208, 200)","(176, 158, 144)",casual_images/5_28.webp
269,,"(163, 163, 156)","(48, 49, 45)",casual_images/5_29.webp
270,,"(65, 89, 115)",,casual_images/5_30.webp
271,,"(165, 152, 151)","(140, 134, 134)",casual_images/5_31.webp
272,,"(43, 42, 42)","(28, 29, 36)",casual_images/5_32.webp
273,,"(205, 197, 202)","(142, 146, 151)",casual_images/5_33.webp
274,,"(176, 164, 158)","(31, 32, 33)",casual_images/5_34.webp
275,,"(56, 56, 59)","(43, 43, 49)",casual_images/5_35.webp
276,,"(48, 33, 35)",,casual_images/5_36.webp
277,,"(24, 20, 21)","(81, 77, 73)",casual_images/5_37.webp
278,,"(198, 187, 187)","(112, 113, 106)",casual_images/5_38.webp
279,,"(60, 68, 78)","(35, 30, 27)",casual_images/5_39.webp
280,,"(29, 26, 30)","(30, 55, 80)",casual_images/5_40.webp
281,,"(21, 17, 16)","(180, 155, 114)",casual_images/5_41.webp
282,,"(57, 60, 64)","(100, 110, 119)",casual_images/5_42.webp
283,,"(177, 175, 182)","(80, 100, 123)",casual_images/5_43.webp
284,,"(183, 179, 194)","(97, 106, 119)",casual_images/5_44.webp
285,,"(160, 167, 158)","(206, 202, 200)",casual_images/5_45.webp
286,,"(196, 196, 205)","(49, 46, 46)",casual_images/5_46.webp
287,,"(154, 152, 171)","(33, 36, 44)",casual_images/5_47.webp
288,,"(174, 161, 155)","(81, 60, 50)",casual_images/5_48.webp
289,,"(144, 165, 180)","(66, 111, 162)",casual_images/5_49.webp
290,,"(151, 151, 143)","(181, 185, 194)",casual_images/5_50.webp
291,,"(128, 132, 134)","(63, 62, 65)",casual_images/5_51.webp
292,,"(175, 188, 219)",,casual_images/5_52.webp
293,,"(54, 54, 61)","(127, 144, 166)",casual_images/5_53.webp
294,,"(113, 99, 101)","(79, 95, 114)",casual_images/5_54.webp
295,,"(104, 111, 121)","(78, 79, 83)",casual_images/5_55.webp
296,,"(63, 53, 50)","(174, 139, 127)",casual_images/5_56.webp
297,,"(171, 165, 166)","(150, 141, 150)",casual_images/5_57.webp
298,,"(33, 39, 48)","(122, 133, 144)",casual_images/5_58.webp
299,,"(57, 57, 59)","(183, 180, 184)",casual_images/5_59.webp
300,,"(26, 26, 31)","(49, 55, 67)",casual_images/6_0.webp
301,,"(57, 57, 59)","(183, 180, 184)",casual_images/6_1.webp
302,,"(61, 54, 65)","(95, 110, 128)",casual_images/6_2.webp
303,,"(174, 176, 189)","(147, 153, 160)",casual_images/6_3.webp
304,,"(67, 67, 73)","(83, 81, 85)",casual_images/6_4.webp
305,,"(73, 68, 71)","(85, 89, 88)",casual_images/6_5.webp
306,,"(122, 117, 107)","(49, 48, 48)",casual_images/6_6.webp
307,,"(47, 48, 56)","(54, 54, 59)",casual_images/6_7.webp
308,,"(191, 189, 133)","(164, 174, 181)",casual_images/6_8.webp
309,,"(105, 79, 62)","(126, 120, 123)",casual_images/6_9.webp
310,,"(159, 152, 150)","(70, 69, 60)",casual_images/6_10.webp
311,,"(65, 64, 69)","(116, 114, 118)",casual_images/6_11.webp
312,,"(171, 89, 102)","(131, 142, 153)",casual_images/6_12.webp
313,,"(81, 74, 72)","(42, 44, 53)",casual_images/6_13.webp
314,,"(38, 36, 38)","(125, 121, 121)",casual_images/6_14.webp
315,,"(22, 22, 23)","(106, 99, 98)",casual_images/6_15.webp
316,,"(203, 199, 192)","(100, 107, 110)",casual_images/6_16.webp
317,,"(104, 118, 140)","(79, 92, 106)",casual_images/6_17.webp
318,,"(30, 29, 32)","(77, 83, 93)",casual_images/6_18.webp
319,,"(14, 14, 18)","(26, 25, 28)",casual_images/6_19.webp
320,,"(108, 141, 171)","(39, 42, 53)",casual_images/6_20.webp
321,,"(57, 62, 75)","(69, 60, 60)",casual_images/6_21.webp
322,,"(91, 84, 83)","(86, 88, 96)",casual_images/6_22.webp
323,,"(82, 169, 135)","(113, 129, 128)",casual_images/6_23.webp
324,,"(89, 90, 102)","(116, 115, 116)",casual_images/6_24.webp
325,,"(217, 213, 210)","(213, 219, 227)",casual_images/6_25.webp
326,,"(35, 55, 76)","(82, 100, 117)",casual_images/6_26.webp
327,,"(180, 182, 194)","(68, 88, 110)",casual_images/6_27.webp
328,,"(54, 56, 62)","(83, 82, 88)",casual_images/6_28.webp
329,,"(205, 201, 204)","(97, 98, 93)",casual_images/6_29.webp
330,,"(190, 193, 206)",,casual_images/6_30.webp
331,,"(29, 23, 23)","(172, 163, 169)",casual_images/6_31.webp
332,,"(136, 142, 158)","(178, 164, 151)",casual_images/6_32.webp
333,,"(53, 59, 73)",,casual_images/6_33.webp
334,,"(70, 84, 85)","(29, 38, 47)",casual_images/6_34.webp
335,,"(197, 191, 182)","(108, 98, 91)",casual_images/6_35.webp
336,,"(162, 160, 168)","(58, 59, 63)",casual_images/6_36.webp
337,,"(198, 202, 219)","(65, 94, 129)",casual_images/6_37.webp
338,,"(192, 187, 198)",,casual_images/6_38.webp
339,,"(51, 49, 51)","(77, 75, 75)",casual_images/6_39.webp
340,,"(45, 49, 59)","(64, 78, 96)",casual_images/6_40.webp
341,,"(74, 70, 76)","(38, 37, 41)",casual_images/6_41.webp
342,,"(25, 28, 36)","(114, 140, 169)",casual_images/6_42.webp
343,,"(65, 76, 105)","(62, 84, 109)",casual_images/6_43.webp
344,,"(66, 68, 77)","(91, 91, 93)",casual_images/6_44.webp
345,,"(162, 162, 165)","(137, 125, 123)",casual_images/6_45.webp
346,,"(52, 59, 74)","(44, 48, 61)",casual_images/6_46.webp
347,,"(96, 98, 105)","(119, 135, 158)",casual_images/6_47.webp
348,,"(203, 197, 189)","(41, 40, 44)",casual_images/6_48.webp
349,,"(93, 90, 86)","(39, 42, 44)",casual_images/6_49.webp
350,,"(147, 145, 152)",,casual_images/6_50.webp
351,,"(46, 54, 58)","(62, 70, 73)",casual_images/6_51.webp
352,,"(60, 70, 74)","(61, 57, 52)",casual_images/6_52.webp
353,,"(76, 73, 81)","(32, 34, 38)",casual_images/6_53.webp
354,,"(81, 75, 81)","(93, 104, 114)",casual_images/6_54.webp
355,,"(168, 150, 136)","(87, 101, 102)",casual_images/6_55.webp
356,,"(116, 126, 134)","(90, 87, 79)",casual_images/6_56.webp
357,,"(49, 47, 43)","(28, 25, 19)",casual_images/6_57.webp
358,,"(46, 45, 34)","(112, 126, 137)",casual_images/6_58.webp
359,,"(123, 119, 113)","(66, 61, 68)",casual_images/6_59.webp
360,,"(76, 73, 81)","(32, 34, 38)",casual_images/7_0.webp
361,,"(60, 70, 74)","(61, 57, 52)",casual_images/7_1.webp
362,,"(35, 34, 32)","(32, 30, 27)",casual_images/7_2.webp
363,,"(46, 47, 43)","(82, 91, 95)",casual_images/7_3.webp
364,,"(15, 15, 18)","(164, 158, 154)",casual_images/7_4.webp
365,,"(24, 23, 27)",,casual_images/7_5.webp
366,,"(165, 170, 173)","(179, 159, 142)",casual_images/7_6.webp
367,,"(65, 62, 65)","(80, 67, 62)",casual_images/7_7.webp
368,,"(79, 91, 117)","(61, 71, 91)",casual_images/7_8.webp
369,,"(108, 127, 109)","(191, 182, 175)",casual_images/7_9.webp
370,,"(73, 124, 143)",,casual_images/7_10.webp
371,,"(147, 152, 165)","(113, 107, 113)",casual_images/7_11.webp
372,,"(52, 65, 77)","(67, 66, 74)",casual_images/7_12.webp
373,,"(39, 37, 41)","(63, 60, 62)",casual_images/7_13.webp
374,,"(55, 55, 61)",,casual_images/7_14.webp
375,,"(164, 162, 178)","(121, 118, 129)",casual_images/7_15.webp
376,,"(176, 180, 190)","(100, 99, 102)",casual_images/7_16.webp
377,,"(89, 119, 149)",,casual_images/7_17.webp
378,,"(206, 192, 192)","(54, 53, 58)",casual_images/7_18.webp
379,,"(45, 46, 49)","(123, 117, 111)",casual_images/7_19.webp
380,,"(203, 192, 175)",,casual_images/7_20.webp
381,,"(95, 83, 71)",,casual_images/7_21.webp
382,,"(139, 111, 109)","(86, 92, 98)",casual_images/7_22.webp
383,,"(188, 181, 186)","(61, 57, 54)",casual_images/7_23.webp
384,,"(138, 124, 117)","(48, 48, 54)",casual_images/7_24.webp
385,,"(149, 143, 148)","(51, 45, 41)",casual_images/7_25.webp
386,,"(185, 172, 160)","(123, 113, 108)",casual_images/7_26.webp
387,,"(155, 129, 129)","(31, 36, 42)",casual_images/7_27.webp
388,,"(86, 90, 96)","(62, 61, 64)",casual_images/7_28.webp
389,,"(171, 173, 182)","(94, 97, 107)",casual_images/7_29.webp
390,,"(83, 89, 99)","(114, 119, 131)",casual_images/7_30.webp
391,,"(97, 89, 101)","(48, 62, 77)",casual_images/7_31.webp
392,,"(64, 52, 51)","(96, 104, 115)",casual_images/7_32.webp
393,,"(95, 99, 103)","(47, 49, 53)",casual_images/7_33.webp
394,,"(26, 30, 37)","(42, 39, 43)",casual_images/7_34.webp
395,,"(36, 37, 38)","(82, 88, 98)",casual_images/7_35.webp
396,,"(192, 179, 172)","(159, 150, 143)",casual_images/7_36.webp
397,,"(94, 94, 93)","(84, 89, 99)",casual_images/7_37.webp
398,,"(43, 45, 51)","(131, 143, 161)",casual_images/7_38.webp
399,,"(32, 37, 49)","(181, 171, 164)",casual_images/7_39.webp
400,,"(95, 97, 96)","(42, 43, 48)",casual_images/7_40.webp
401,,"(35, 39, 47)","(67, 71, 76)",casual_images/7_41.webp
402,,"(63, 66, 72)","(32, 31, 38)",casual_images/7_42.webp
403,,"(96, 83, 81)","(107, 101, 94)",casual_images/7_43.webp
404,,"(208, 208, 210)","(44, 42, 47)",casual_images/7_44.webp
405,,"(196, 197, 207)","(137, 132, 124)",casual_images/7_45.webp
406,,"(47, 50, 58)","(94, 102, 111)",casual_images/7_46.webp
407,,"(122, 108, 104)","(93, 95, 95)",casual_images/7_47.webp
408,,"(139, 143, 152)","(108, 79, 69)",casual_images/7_48.webp
409,,"(67, 51, 56)","(41, 44, 48)",casual_images/7_49.webp
410,,"(104, 113, 112)","(75, 77, 77)",casual_images/7_50.webp
411,,"(195, 193, 198)","(49, 77, 112)",casual_images/7_51.webp
412,,"(58, 61, 64)","(85, 76, 71)",casual_images/7_52.webp
413,,"(147, 121, 139)","(40, 41, 48)",casual_images/7_53.webp
414,,"(63, 56, 61)","(176, 152, 143)",casual_images/7_54.webp
415,,"(57, 78, 94)","(109, 111, 119)",casual_images/7_55.webp
416,,"(156, 134, 125)","(125, 127, 145)",casual_images/7_56.webp
417,,"(63, 61, 67)","(63, 63, 67)",casual_images/7_57.webp
418,,"(151, 174, 216)","(91, 99, 110)",casual_images/7_58.webp
419,,"(178, 174, 176)","(65, 73, 87)",casual_images/7_59.webp
420,,"(63, 61, 67)","(63, 63, 67)",casual_images/8_0.webp
421,,"(81, 81, 92)","(144, 153, 152)",casual_images/8_1.webp
422,,"(71, 83, 103)","(55, 63, 85)",casual_images/8_2.webp
423,,"(157, 159, 166)","(57, 72, 86)",casual_images/8_3.webp
424,,"(93, 87, 86)","(167, 162, 170)",casual_images/8_4.webp
425,,"(39, 42, 47)","(38, 39, 44)",casual_images/8_5.webp
426,,"(15, 17, 23)",,casual_images/8_6.webp
427,,"(70, 69, 71)","(82, 72, 68)",casual_images/8_7.webp
428,,"(64, 58, 47)","(38, 36, 30)",casual_images/8_8.webp
429,,"(52, 49, 49)","(70, 86, 85)",casual_images/8_9.webp
430,,"(91, 81, 64)","(91, 97, 78)",casual_images/8_10.webp
431,,"(42, 48, 54)","(113, 125, 126)",casual_images/8_11.webp
432,,"(142, 143, 132)","(58, 63, 65)",casual_images/8_12.webp
433,,"(127, 44, 59)","(101, 86, 81)",casual_images/8_13.webp
434,,"(97, 103, 123)","(168, 166, 165)",casual_images/8_14.webp
435,,"(84, 84, 89)","(41, 44, 51)",casual_images/8_15.webp
436,,"(109, 102, 96)","(35, 36, 40)",casual_images/8_16.webp
437,,"(38, 41, 46)","(97, 112, 131)",casual_images/8_17.webp
438,,"(105, 92, 82)","(74, 64, 59)",casual_images/8_18.webp
439,,"(54, 58, 65)","(158, 151, 143)",casual_images/8_19.webp
440,,"(85, 86, 99)","(158, 160, 165)",casual_images/8_20.webp
441,,"(65, 58, 67)","(90, 86, 95)",casual_images/8_21.webp
442,,"(169, 168, 171)","(39, 43, 48)",casual_images/8_22.webp
443,,"(55, 55, 59)","(71, 57, 55)",casual_images/8_23.webp
444,,"(95, 77, 83)","(93, 103, 117)",casual_images/8_24.webp
445,,"(63, 63, 67)","(94, 102, 111)",casual_images/8_25.webp
446,,"(60, 67, 75)","(88, 87, 87)",casual_images/8_26.webp
447,,"(71, 68, 64)","(66, 67, 61)",casual_images/8_27.webp
448,,"(51, 60, 67)","(48, 52, 59)",casual_images/8_28.webp
449,,"(50, 79, 84)","(137, 141, 150)",casual_images/8_29.webp
450,,"(163, 71, 85)","(100, 88, 90)",casual_images/8_30.webp
451,,"(45, 40, 46)","(40, 43, 51)",casual_images/8_31.webp
452,,"(150, 158, 181)","(46, 49, 63)",casual_images/8_32.webp
453,,"(78, 83, 102)","(72, 100, 137)",casual_images/8_33.webp
454,,"(93, 112, 123)","(179, 188, 201)",casual_images/8_34.webp
455,,"(85, 79, 80)","(151, 149, 161)",casual_images/8_35.webp
456,,"(62, 70, 91)","(83, 87, 111)",casual_images/8_36.webp
457,,"(157, 158, 165)","(100, 99, 99)",casual_images/8_37.webp
458,,"(136, 107, 114)",,casual_images/8_38.webp
459,,"(178, 180, 196)","(193, 187, 182)",casual_images/8_39.webp
460,,"(73, 73, 77)","(53, 53, 56)",casual_images/8_40.webp
461,,"(52, 53, 59)","(125, 125, 133)",casual_images/8_41.webp
462,,"(44, 45, 47)","(39, 39, 41)",casual_images/8_42.webp
463,,"(65, 112, 96)","(205, 196, 177)",casual_images/8_43.webp
464,,"(37, 36, 36)","(99, 93, 86)",casual_images/8_44.webp
465,,"(46, 44, 44)","(38, 39, 38)",casual_images/8_45.webp
466,,"(46, 45, 48)","(41, 41, 43)",casual_images/8_46.webp
467,,"(58, 65, 83)","(73, 76, 73)",casual_images/8_47.webp
468,,"(174, 175, 180)","(70, 71, 78)",casual_images/8_48.webp
469,,"(146, 142, 141)","(143, 132, 123)",casual_images/8_49.webp
470,,"(29, 28, 31)","(40, 40, 43)",casual_images/8_50.webp
471,,"(25, 29, 42)","(192, 193, 202)",casual_images/8_51.webp
472,,"(112, 120, 142)","(143, 143, 150)",casual_images/8_52.webp
473,,"(151, 151, 159)","(115, 118, 121)",casual_images/8_53.webp
474,,"(45, 53, 62)","(122, 110, 114)",casual_images/8_54.webp
475,,"(43, 50, 60)","(76, 72, 77)",casual_images/8_55.webp
476,,"(49, 58, 75)","(58, 65, 81)",casual_images/8_56.webp
477,,"(27, 33, 41)","(79, 102, 122)",casual_images/8_57.webp
478,,"(41, 36, 34)","(102, 98, 99)",casual_images/8_58.webp
479,,"(52, 51, 53)","(169, 167, 167)",casual_images/8_59.webp
480,,"(41, 45, 50)",,casual_images/9_0.webp
481,,"(83, 84, 98)","(43, 43, 47)",casual_images/9_1.webp
482,,"(63, 62, 66)","(50, 51, 56)",casual_images/9_2.webp
483,,"(116, 107, 97)","(99, 112, 120)",casual_images/9_3.webp
484,,"(63, 69, 91)","(117, 108, 125)",casual_images/9_4.webp
485,,"(143, 112, 95)","(93, 87, 94)",casual_images/9_5.webp
486,,"(92, 106, 150)","(111, 82, 86)",casual_images/9_6.webp
487,,"(123, 125, 121)","(35, 30, 25)",casual_images/9_7.webp
488,,"(58, 75, 96)","(57, 74, 89)",casual_images/9_8.webp
489,,"(184, 181, 183)","(56, 56, 64)",casual_images/9_9.webp
490,,"(223, 117, 62)","(31, 29, 35)",casual_images/9_10.webp
491,,"(165, 167, 170)","(179, 174, 182)",casual_images/9_11.webp
492,,"(70, 69, 67)","(76, 83, 91)",casual_images/9_12.webp
493,,"(117, 120, 116)","(112, 124, 134)",casual_images/9_13.webp
494,,"(115, 155, 202)","(135, 105, 78)",casual_images/9_14.webp
495,,"(79, 85, 94)","(101, 106, 115)",casual_images/9_15.webp
496,,"(59, 59, 63)","(57, 57, 55)",casual_images/9_16.webp
497,,"(52, 52, 56)","(100, 102, 107)",casual_images/9_17.webp
498,,"(132, 139, 150)","(117, 125, 138)",casual_images/9_18.webp
499,,"(93, 93, 77)","(36, 33, 27)",casual_images/9_19.webp
500,,"(109, 107, 110)","(57, 62, 70)",casual_images/9_20.webp
501,,"(46, 49, 56)","(56, 69, 85)",casual_images/9_21.webp
502,,"(145, 152, 162)","(88, 102, 122)",casual_images/9_22.webp
503,,"(86, 98, 112)","(39, 42, 50)",casual_images/9_23.webp
504,,"(141, 142, 141)","(38, 45, 55)",casual_images/9_24.webp
505,,"(35, 34, 43)","(38, 41, 45)",casual_images/9_25.webp
506,,"(182, 166, 150)","(144, 132, 118)",casual_images/9_26.webp
507,,"(50, 53, 58)","(25, 24, 26)",casual_images/9_27.webp
508,,"(124, 129, 143)","(52, 51, 56)",casual_images/9_28.webp
509,,"(50, 52, 61)","(84, 86, 93)",casual_images/9_29.webp
510,,"(68, 79, 88)","(47, 46, 49)",casual_images/9_30.webp
511,,"(163, 129, 111)","(106, 115, 128)",casual_images/9_31.webp
512,,"(81, 84, 88)","(189, 165, 136)",casual_images/9_32.webp
513,,"(73, 76, 78)","(38, 47, 56)",casual_images/9_33.webp
514,,"(79, 63, 56)","(48, 47, 47)",casual_images/9_34.webp
515,,"(65, 71, 78)","(79, 82, 81)",casual_images/9_35.webp
516,,"(198, 196, 203)","(104, 95, 109)",casual_images/9_36.webp
517,,"(110, 100, 97)","(89, 74, 66)",casual_images/9_37.webp
518,,"(183, 166, 151)","(80, 39, 49)",casual_images/9_38.webp
519,,"(187, 186, 188)","(34, 39, 44)",casual_images/9_39.webp
520,,"(127, 117, 108)","(39, 48, 56)",casual_images/9_40.webp
521,,"(45, 50, 59)","(127, 117, 106)",casual_images/9_41.webp
522,,"(152, 152, 151)","(41, 35, 35)",casual_images/9_42.webp
523,,"(45, 56, 72)","(121, 134, 146)",casual_images/9_43.webp
524,,"(196, 184, 189)","(135, 140, 147)",casual_images/9_44.webp
525,,"(139, 144, 153)","(51, 49, 51)",casual_images/9_45.webp
526,,"(101, 101, 109)","(187, 185, 188)",casual_images/9_46.webp
527,,"(72, 75, 86)","(59, 81, 104)",casual_images/9_47.webp
528,,"(110, 123, 142)","(88, 113, 138)",casual_images/9_48.webp
529,,"(43, 48, 59)","(51, 52, 62)",casual_images/9_49.webp
530,,"(98, 89, 92)",,casual_images/9_50.webp
531,,"(85, 83, 93)","(92, 93, 99)",casual_images/9_51.webp
532,,"(65, 67, 72)","(116, 110, 110)",casual_images/9_52.webp
533,,"(83, 74, 73)","(42, 39, 38)",casual_images/9_53.webp
534,,"(83, 68, 63)","(81, 68, 67)",casual_images/9_54.webp
535,,"(72, 62, 55)","(61, 54, 59)",casual_images/9_55.webp
536,,"(128, 124, 127)",,casual_images/9_56.webp
537,,"(153, 140, 131)","(124, 110, 104)",casual_images/9_57.webp
538,,"(92, 92, 91)","(61, 64, 66)",casual_images/9_58.webp
539,,"(50, 49, 51)","(55, 56, 60)",casual_images/9_59.webp
540,,"(174, 178, 182)","(144, 157, 169)",casual_images/10_0.webp
541,,"(59, 63, 71)","(75, 85, 95)",casual_images/10_1.webp
542,,"(155, 144, 141)","(103, 116, 116)",casual_images/10_2.webp
543,,"(98, 87, 116)","(71, 68, 65)",casual_images/10_3.webp
544,,"(189, 190, 198)","(53, 59, 68)",casual_images/10_4.webp
545,,"(108, 129, 151)","(51, 50, 52)",casual_images/10_5.webp
546,,"(93, 94, 95)","(111, 113, 118)",casual_images/10_6.webp
547,,"(40, 41, 44)","(76, 72, 69)",casual_images/10_7.webp
548,,"(57, 58, 63)","(51, 51, 55)",casual_images/10_8.webp
549,,"(78, 89, 111)","(136, 152, 181)",casual_images/10_9.webp
550,,"(141, 154, 175)","(139, 130, 156)",casual_images/10_10.webp
551,,"(64, 64, 65)","(51, 50, 52)",casual_images/10_11.webp
552,,"(53, 66, 90)","(144, 160, 167)",casual_images/10_12.webp
553,,"(29, 30, 33)","(40, 39, 41)",casual_images/10_13.webp
554,,"(62, 67, 78)","(82, 85, 94)",casual_images/10_14.webp
555,,"(149, 146, 140)","(79, 66, 62)",casual_images/10_15.webp
556,,"(69, 64, 63)","(146, 144, 152)",casual_images/10_16.webp
557,,"(55, 48, 46)","(93, 89, 84)",casual_images/10_17.webp
558,,"(113, 89, 99)","(148, 167, 193)",casual_images/10_18.webp
559,,"(38, 48, 65)","(80, 88, 107)",casual_images/10_19.webp
560,,"(124, 101, 109)","(108, 91, 99)",casual_images/10_20.webp
561,,"(104, 105, 100)","(65, 67, 73)",casual_images/10_21.webp
562,,"(26, 48, 114)","(117, 118, 126)",casual_images/10_22.webp
563,,"(38, 43, 50)",,casual_images/10_23.webp
564,,"(214, 191, 151)","(128, 112, 91)",casual_images/10_24.webp
565,,"(66, 60, 64)","(54, 46, 49)",casual_images/10_25.webp
566,,"(188, 188, 185)","(108, 118, 130)",casual_images/10_26.webp
567,,"(66, 59, 60)","(89, 104, 121)",casual_images/10_27.webp
568,,"(85, 97, 117)","(101, 135, 171)",casual_images/10_28.webp
569,,"(136, 104, 85)","(76, 99, 116)",casual_images/10_29.webp
570,,"(77, 91, 125)","(169, 143, 112)",casual_images/10_30.webp
571,,"(94, 98, 112)","(62, 67, 81)",casual_images/10_31.webp
572,,"(188, 189, 195)","(99, 80, 75)",casual_images/10_32.webp
573,,"(92, 92, 92)","(106, 91, 100)",casual_images/10_33.webp
574,,"(82, 77, 69)","(57, 54, 57)",casual_images/10_34.webp
575,,"(174, 172, 172)","(115, 109, 101)",casual_images/10_35.webp
576,,"(64, 62, 65)","(74, 66, 66)",casual_images/10_36.webp
577,,"(29, 26, 28)","(133, 103, 103)",casual_images/10_37.webp
578,,"(81, 72, 87)","(76, 59, 58)",casual_images/10_38.webp
579,,"(129, 120, 119)","(138, 137, 135)",casual_images/10_39.webp
580,,"(96, 102, 112)","(94, 88, 79)",casual_images/10_40.webp
581,,"(60, 60, 67)","(42, 44, 48)",casual_images/10_41.webp
582,,"(52, 48, 51)","(91, 98, 108)",casual_images/10_42.webp
583,,"(118, 50, 62)","(85, 79, 81)",casual_images/10_43.webp
584,,"(70, 74, 83)","(44, 45, 48)",casual_images/10_44.webp
585,,"(88, 105, 121)","(99, 97, 101)",casual_images/10_45.webp
586,,"(110, 111, 123)","(140, 157, 177)",casual_images/10_46.webp
587,,"(70, 76, 82)","(74, 89, 99)",casual_images/10_47.webp
588,,"(76, 74, 76)","(113, 90, 75)",casual_images/10_48.webp
589,,"(93, 75, 76)","(129, 119, 117)",casual_images/10_49.webp
590,,"(86, 86, 93)","(83, 85, 90)",casual_images/10_50.webp
591,,"(68, 76, 107)","(54, 63, 82)",casual_images/10_51.webp
592,,"(107, 122, 134)","(160, 162, 165)",casual_images/10_52.webp
593,,"(80, 84, 92)","(49, 56, 63)",casual_images/10_53.webp
594,,"(98, 103, 109)",,casual_images/10_54.webp
595,,"(60, 69, 80)","(67, 73, 80)",casual_images/10_55.webp
596,,"(86, 82, 81)","(147, 154, 159)",casual_images/10_56.webp
597,,"(140, 104, 84)","(115, 101, 94)",casual_images/10_57.webp
598,,"(102, 104, 123)","(58, 56, 60)",casual_images/10_58.webp
599,,"(84, 66, 62)","(80, 65, 58)",casual_images/10_59.webp
