,street,TOP_RGB,BOTTOM_RGB,path
0,,"(165, 159, 169)","(32, 30, 33)",street_images/1_0.webp
1,,"(48, 44, 45)","(85, 79, 69)",street_images/1_1.webp
2,,"(73, 79, 96)","(137, 145, 149)",street_images/1_2.webp
3,,"(164, 159, 153)","(63, 61, 52)",street_images/1_3.webp
4,,"(126, 106, 120)","(74, 69, 73)",street_images/1_4.webp
5,,"(77, 68, 137)","(108, 104, 100)",street_images/1_5.webp
6,,"(91, 112, 140)","(56, 50, 49)",street_images/1_6.webp
7,,"(83, 72, 69)","(57, 55, 59)",street_images/1_7.webp
8,,"(196, 192, 193)","(59, 54, 54)",street_images/1_8.webp
9,,"(124, 122, 128)","(84, 51, 59)",street_images/1_9.webp
10,,"(76, 78, 84)","(61, 62, 65)",street_images/1_10.webp
11,,"(89, 80, 79)","(34, 28, 26)",street_images/1_11.webp
12,,"(84, 73, 67)",,street_images/1_12.webp
13,,"(151, 132, 128)","(161, 135, 121)",street_images/1_13.webp
14,,"(95, 89, 88)","(139, 124, 117)",street_images/1_14.webp
15,,"(80, 77, 68)","(42, 34, 30)",street_images/1_15.webp
16,,"(109, 115, 126)","(63, 60, 67)",street_images/1_16.webp
17,,"(154, 163, 171)","(92, 103, 105)",street_images/1_17.webp
18,,"(100, 130, 130)","(126, 133, 124)",street_images/1_18.webp
19,,"(146, 144, 139)","(117, 124, 129)",street_images/1_19.webp
20,,"(148, 150, 160)","(130, 110, 111)",street_images/1_20.webp
21,,"(96, 113, 132)","(149, 143, 141)",street_images/1_21.webp
22,,"(163, 134, 87)",,street_images/1_22.webp
23,,"(57, 56, 63)","(15, 14, 16)",street_images/1_23.webp
24,,"(108, 102, 99)",,street_images/1_24.webp
25,,"(230, 215, 202)","(14, 18, 22)",street_images/1_25.webp
26,,"(106, 97, 96)","(180, 164, 153)",street_images/1_26.webp
27,,"(49, 49, 57)","(88, 81, 76)",street_images/1_27.webp
28,,"(127, 131, 129)","(145, 134, 125)",street_images/1_28.webp
29,,"(213, 218, 221)","(143, 143, 147)",street_images/1_29.webp
30,,"(146, 148, 156)","(94, 86, 79)",street_images/1_30.webp
31,,"(202, 200, 211)","(77, 75, 72)",street_images/1_31.webp
32,,"(181, 169, 170)","(188, 182, 200)",street_images/1_32.webp
33,,"(52, 54, 62)","(58, 58, 65)",street_images/1_33.webp
34,,"(121, 114, 114)","(72, 70, 74)",street_images/1_34.webp
35,,"(94, 87, 82)",,street_images/1_35.webp
36,,"(157, 129, 121)",,street_images/1_36.webp
37,,"(165, 169, 169)","(66, 67, 73)",street_images/1_37.webp
38,,"(87, 78, 81)","(115, 113, 117)",street_images/1_38.webp
39,,"(186, 47, 50)","(57, 50, 46)",street_images/1_39.webp
40,,"(83, 82, 82)","(88, 48, 42)",street_images/1_40.webp
41,,"(167, 174, 164)","(162, 157, 154)",street_images/1_41.webp
42,,"(134, 123, 115)","(92, 86, 83)",street_images/1_42.webp
43,,"(173, 164, 175)","(127, 106, 105)",street_images/1_43.webp
44,,"(49, 47, 54)","(144, 147, 170)",street_images/1_44.webp
45,,"(142, 164, 198)","(157, 152, 161)",street_images/1_45.webp
46,,"(71, 67, 69)",,street_images/1_46.webp
47,,"(173, 123, 147)","(140, 133, 140)",street_images/1_47.webp
48,,"(93, 120, 157)","(51, 86, 139)",street_images/1_48.webp
49,,"(58, 56, 55)","(120, 134, 150)",street_images/1_49.webp
50,,"(94, 68, 91)","(53, 77, 106)",street_images/1_50.webp
51,,"(212, 212, 227)","(152, 155, 155)",street_images/1_51.webp
52,,"(49, 48, 40)","(22, 19, 23)",street_images/1_52.webp
53,,"(89, 83, 71)",,street_images/1_53.webp
54,,"(55, 42, 36)","(191, 162, 144)",street_images/1_54.webp
55,,"(75, 67, 71)","(208, 171, 173)",street_images/1_55.webp
56,,"(134, 132, 148)","(112, 118, 129)",street_images/1_56.webp
57,,"(148, 168, 211)","(143, 146, 161)",street_images/1_57.webp
58,,"(137, 139, 140)","(86, 86, 87)",street_images/1_58.webp
59,,"(120, 101, 94)","(124, 95, 73)",street_images/1_59.webp
60,,"(229, 222, 220)","(161, 157, 154)",street_images/2_0.webp
61,,"(88, 104, 96)","(152, 162, 191)",street_images/2_1.webp
62,,"(120, 101, 94)","(124, 95, 73)",street_images/2_2.webp
63,,"(166, 157, 159)","(149, 134, 137)",street_images/2_3.webp
64,,"(176, 160, 148)","(191, 173, 159)",street_images/2_4.webp
65,,"(147, 80, 87)","(93, 88, 85)",street_images/2_5.webp
66,,"(140, 135, 125)","(76, 69, 74)",street_images/2_6.webp
67,,"(117, 137, 161)","(50, 50, 48)",street_images/2_7.webp
68,,"(40, 74, 122)","(30, 55, 90)",street_images/2_8.webp
69,,"(43, 48, 55)","(161, 163, 177)",street_images/2_9.webp
70,,"(98, 84, 89)","(170, 137, 125)",street_images/2_10.webp
71,,"(22, 20, 21)","(58, 53, 53)",street_images/2_11.webp
72,,"(34, 26, 20)","(53, 48, 46)",street_images/2_12.webp
73,,"(217, 196, 202)","(96, 77, 70)",street_images/2_13.webp
74,,"(218, 211, 204)","(122, 118, 119)",street_images/2_14.webp
75,,"(83, 80, 79)","(85, 82, 82)",street_images/2_15.webp
76,,"(59, 61, 65)","(124, 135, 140)",street_images/2_16.webp
77,,"(46, 43, 45)","(157, 155, 156)",street_images/2_17.webp
78,,"(61, 62, 67)","(75, 64, 58)",street_images/2_18.webp
79,,"(112, 101, 94)",,street_images/2_19.webp
80,,"(22, 24, 22)","(40, 41, 42)",street_images/2_20.webp
81,,"(117, 124, 137)","(62, 57, 58)",street_images/2_21.webp
82,,"(114, 114, 113)","(89, 104, 125)",street_images/2_22.webp
83,,"(97, 96, 94)","(103, 102, 99)",street_images/2_23.webp
84,,"(129, 143, 163)","(62, 69, 85)",street_images/2_24.webp
85,,"(61, 57, 63)","(47, 50, 57)",street_images/2_25.webp
86,,"(57, 63, 66)","(42, 47, 49)",street_images/2_26.webp
87,,"(85, 67, 76)","(41, 36, 43)",street_images/2_27.webp
88,,"(70, 79, 90)","(46, 47, 50)",street_images/2_28.webp
89,,"(39, 45, 60)","(131, 126, 122)",street_images/2_29.webp
90,,"(129, 121, 135)","(149, 144, 153)",street_images/2_30.webp
91,,"(188, 188, 204)","(97, 100, 106)",street_images/2_31.webp
92,,"(200, 194, 197)","(153, 149, 146)",street_images/2_32.webp
93,,"(83, 80, 79)","(85, 82, 82)",street_images/2_33.webp
94,,"(188, 184, 184)","(123, 121, 121)",street_images/2_34.webp
95,,"(81, 71, 66)","(113, 94, 85)",street_images/2_35.webp
96,,"(108, 96, 97)","(104, 88, 72)",street_images/2_36.webp
97,,"(151, 128, 117)","(151, 129, 121)",street_images/2_37.webp
98,,"(51, 49, 54)","(120, 127, 141)",street_images/2_38.webp
99,,"(46, 43, 45)","(157, 155, 156)",street_images/2_39.webp
100,,"(61, 62, 67)","(75, 64, 58)",street_images/2_40.webp
101,,"(186, 154, 85)","(73, 74, 67)",street_images/2_41.webp
102,,"(143, 139, 134)","(123, 119, 109)",street_images/2_42.webp
103,,"(144, 145, 142)","(53, 87, 110)",street_images/2_43.webp
104,,"(93, 90, 84)","(64, 66, 66)",street_images/2_44.webp
105,,"(154, 157, 152)","(159, 140, 131)",street_images/2_45.webp
106,,"(63, 63, 65)","(13, 14, 16)",street_images/2_46.webp
107,,"(56, 50, 49)","(73, 64, 61)",street_images/2_47.webp
108,,"(108, 82, 80)","(123, 132, 156)",street_images/2_48.webp
109,,"(148, 7, 23)","(84, 68, 61)",street_images/2_49.webp
110,,"(47, 43, 48)",,street_images/2_50.webp
111,,"(214, 185, 155)","(156, 150, 154)",street_images/2_51.webp
112,,"(96, 86, 83)","(93, 90, 95)",street_images/2_52.webp
113,,"(150, 144, 137)",,street_images/2_53.webp
114,,"(148, 133, 118)","(132, 138, 142)",street_images/2_54.webp
115,,"(174, 165, 179)","(128, 123, 128)",street_images/2_55.webp
116,,"(59, 61, 68)","(31, 32, 35)",street_images/2_56.webp
117,,"(130, 141, 148)","(125, 134, 140)",street_images/2_57.webp
118,,"(90, 100, 110)",,street_images/2_58.webp
119,,"(32, 34, 33)","(35, 37, 36)",street_images/2_59.webp
120,,"(70, 70, 81)","(97, 98, 109)",street_images/3_0.webp
121,,"(177, 188, 204)","(57, 67, 79)",street_images/3_1.webp
122,,"(43, 46, 51)","(88, 92, 96)",street_images/3_2.webp
123,,"(77, 72, 77)","(86, 74, 77)",street_images/3_3.webp
124,,"(57, 56, 60)","(89, 91, 108)",street_images/3_4.webp
125,,"(128, 127, 126)","(95, 117, 140)",street_images/3_5.webp
126,,"(133, 135, 137)",,street_images/3_6.webp
127,,"(84, 60, 40)","(89, 82, 78)",street_images/3_7.webp
128,,"(145, 161, 175)","(114, 92, 92)",street_images/3_8.webp
129,,"(176, 174, 176)","(117, 123, 136)",street_images/3_9.webp
130,,"(109, 118, 127)","(84, 86, 90)",street_images/3_10.webp
131,,"(44, 40, 43)","(120, 113, 115)",street_images/3_11.webp
132,,"(54, 58, 63)","(83, 82, 82)",street_images/3_12.webp
133,,"(88, 84, 86)","(79, 72, 73)",street_images/3_13.webp
134,,"(103, 82, 81)",,street_images/3_14.webp
135,,"(167, 151, 139)","(188, 174, 170)",street_images/3_15.webp
136,,"(67, 66, 69)","(84, 88, 98)",street_images/3_16.webp
137,,"(62, 63, 64)","(105, 103, 100)",street_images/3_18.webp
138,,"(70, 72, 83)","(85, 97, 92)",street_images/3_19.webp
139,,"(130, 138, 159)","(88, 90, 94)",street_images/3_20.webp
140,,"(53, 53, 56)","(23, 24, 26)",street_images/3_21.webp
141,,"(171, 122, 91)","(46, 61, 87)",street_images/3_22.webp
142,,"(42, 36, 34)","(105, 91, 86)",street_images/3_23.webp
143,,"(128, 129, 126)","(78, 76, 75)",street_images/3_24.webp
144,,"(104, 109, 113)","(143, 146, 151)",street_images/3_25.webp
145,,"(158, 52, 52)","(220, 149, 173)",street_images/3_26.webp
146,,"(56, 114, 163)","(97, 110, 128)",street_images/3_27.webp
147,,"(71, 70, 66)","(105, 117, 128)",street_images/3_28.webp
148,,"(113, 120, 128)","(111, 20, 42)",street_images/3_29.webp
149,,"(210, 214, 215)","(44, 46, 49)",street_images/3_30.webp
150,,"(57, 63, 67)","(43, 47, 50)",street_images/3_31.webp
151,,"(112, 105, 106)","(111, 102, 92)",street_images/3_32.webp
152,,"(93, 77, 75)","(52, 53, 57)",street_images/3_33.webp
153,,"(48, 45, 47)","(54, 52, 53)",street_images/3_34.webp
154,,"(80, 103, 126)","(47, 59, 73)",street_images/3_35.webp
155,,"(181, 146, 133)","(190, 194, 201)",street_images/3_36.webp
156,,"(51, 47, 47)","(42, 39, 41)",street_images/3_37.webp
157,,"(58, 55, 57)","(123, 121, 120)",street_images/3_38.webp
158,,"(41, 40, 47)","(111, 102, 108)",street_images/3_39.webp
159,,"(104, 110, 113)","(105, 105, 106)",street_images/3_40.webp
160,,"(155, 152, 148)","(69, 72, 80)",street_images/3_41.webp
161,,"(44, 65, 101)","(49, 52, 50)",street_images/3_42.webp
162,,"(93, 117, 150)",,street_images/3_43.webp
163,,"(92, 86, 84)","(66, 66, 66)",street_images/3_44.webp
164,,"(54, 52, 57)","(61, 59, 62)",street_images/3_45.webp
165,,"(71, 73, 79)","(123, 129, 131)",street_images/3_46.webp
166,,"(118, 132, 154)","(188, 165, 176)",street_images/3_47.webp
167,,"(123, 113, 100)","(83, 79, 82)",street_images/3_48.webp
168,,"(208, 167, 180)","(48, 41, 36)",street_images/3_49.webp
169,,"(56, 52, 53)","(137, 122, 113)",street_images/3_50.webp
170,,"(81, 64, 53)","(119, 95, 82)",street_images/3_51.webp
171,,"(169, 135, 116)","(156, 121, 108)",street_images/3_52.webp
172,,"(85, 62, 67)","(106, 104, 109)",street_images/3_53.webp
173,,"(62, 61, 65)","(136, 123, 111)",street_images/3_54.webp
174,,"(152, 141, 143)","(75, 77, 85)",street_images/3_55.webp
175,,"(79, 67, 64)","(75, 43, 33)",street_images/3_56.webp
176,,"(175, 173, 174)","(90, 87, 85)",street_images/3_57.webp
177,,"(66, 97, 109)","(116, 124, 127)",street_images/3_58.webp
178,,"(92, 89, 91)","(154, 149, 145)",street_images/3_59.webp
179,,"(117, 117, 108)","(47, 45, 47)",street_images/4_0.webp
180,,"(159, 143, 128)","(80, 79, 79)",street_images/4_1.webp
181,,"(171, 175, 181)","(133, 130, 143)",street_images/4_2.webp
182,,"(90, 83, 87)","(83, 72, 75)",street_images/4_3.webp
183,,"(58, 68, 84)","(88, 110, 155)",street_images/4_4.webp
184,,"(108, 92, 82)","(43, 44, 46)",street_images/4_5.webp
185,,"(155, 157, 157)","(22, 23, 21)",street_images/4_6.webp
186,,"(28, 24, 22)","(48, 58, 68)",street_images/4_7.webp
187,,"(27, 29, 27)","(192, 191, 195)",street_images/4_8.webp
188,,"(129, 116, 105)","(68, 59, 49)",street_images/4_9.webp
189,,"(34, 33, 33)",,street_images/4_10.webp
190,,"(73, 71, 78)","(77, 73, 77)",street_images/4_11.webp
191,,"(49, 49, 58)","(58, 58, 71)",street_images/4_12.webp
192,,"(80, 77, 79)","(67, 65, 65)",street_images/4_13.webp
193,,"(55, 60, 70)","(81, 76, 105)",street_images/4_14.webp
194,,"(78, 80, 87)","(69, 77, 67)",street_images/4_15.webp
195,,"(191, 191, 204)","(86, 87, 91)",street_images/4_16.webp
196,,"(97, 99, 106)","(39, 41, 44)",street_images/4_17.webp
197,,"(148, 133, 125)",,street_images/4_18.webp
198,,"(58, 62, 63)",,street_images/4_19.webp
199,,"(44, 60, 87)","(97, 101, 108)",street_images/4_20.webp
200,,"(176, 169, 168)","(118, 115, 115)",street_images/4_21.webp
201,,"(102, 100, 103)","(122, 115, 104)",street_images/4_22.webp
202,,"(169, 163, 171)","(95, 99, 102)",street_images/4_23.webp
203,,"(64, 66, 85)","(78, 92, 109)",street_images/4_24.webp
204,,"(44, 45, 51)","(40, 84, 114)",street_images/4_25.webp
205,,"(144, 136, 132)","(44, 44, 47)",street_images/4_26.webp
206,,"(70, 79, 107)",,street_images/4_27.webp
207,,"(50, 45, 44)","(174, 143, 131)",street_images/4_28.webp
208,,"(114, 97, 86)","(94, 80, 77)",street_images/4_29.webp
209,,"(118, 117, 124)","(70, 72, 75)",street_images/4_30.webp
210,,"(159, 71, 57)","(63, 61, 62)",street_images/4_31.webp
211,,"(69, 70, 79)","(35, 36, 42)",street_images/4_32.webp
212,,"(124, 122, 130)","(146, 136, 139)",street_images/4_33.webp
213,,"(115, 114, 119)","(44, 43, 48)",street_images/4_34.webp
214,,"(68, 62, 66)","(74, 66, 66)",street_images/4_35.webp
215,,"(165, 159, 171)","(97, 87, 91)",street_images/4_36.webp
216,,"(93, 101, 98)","(113, 134, 148)",street_images/4_37.webp
217,,"(45, 44, 49)","(72, 63, 58)",street_images/4_38.webp
218,,"(84, 92, 119)","(75, 80, 98)",street_images/4_39.webp
219,,"(54, 52, 55)","(51, 46, 46)",street_images/4_40.webp
220,,"(145, 114, 74)","(193, 193, 185)",street_images/4_41.webp
221,,"(37, 38, 41)","(78, 79, 74)",street_images/4_42.webp
222,,"(122, 126, 128)","(47, 50, 61)",street_images/4_43.webp
223,,"(48, 52, 55)","(89, 99, 94)",street_images/4_44.webp
224,,"(183, 182, 182)","(52, 68, 93)",street_images/4_45.webp
225,,"(22, 28, 34)","(99, 101, 95)",street_images/4_46.webp
226,,"(58, 58, 59)","(52, 50, 53)",street_images/4_47.webp
227,,"(105, 121, 153)","(65, 69, 78)",street_images/4_48.webp
228,,"(31, 32, 29)","(124, 116, 102)",street_images/4_49.webp
229,,"(73, 58, 49)","(104, 88, 80)",street_images/4_50.webp
230,,"(71, 102, 145)","(58, 82, 115)",street_images/4_51.webp
231,,"(128, 100, 119)","(106, 111, 101)",street_images/4_52.webp
232,,"(98, 88, 88)","(168, 153, 153)",street_images/4_53.webp
233,,"(81, 83, 88)","(94, 97, 96)",street_images/4_54.webp
234,,"(44, 70, 99)","(104, 100, 99)",street_images/4_55.webp
235,,"(125, 129, 130)","(58, 62, 70)",street_images/4_56.webp
236,,"(196, 200, 206)","(32, 33, 28)",street_images/4_57.webp
237,,"(231, 217, 203)",,street_images/4_58.webp
238,,"(63, 71, 90)","(73, 77, 92)",street_images/4_59.webp
239,,"(152, 146, 153)","(102, 104, 106)",street_images/5_0.webp
240,,"(124, 105, 95)","(48, 43, 42)",street_images/5_1.webp
241,,"(137, 108, 118)","(86, 83, 80)",street_images/5_2.webp
242,,"(94, 79, 78)","(105, 93, 93)",street_images/5_3.webp
243,,"(101, 103, 125)",,street_images/5_4.webp
244,,"(69, 72, 82)","(123, 140, 163)",street_images/5_5.webp
245,,"(113, 86, 88)","(52, 62, 73)",street_images/5_6.webp
246,,"(58, 68, 77)","(70, 69, 61)",street_images/5_7.webp
247,,"(119, 127, 129)","(121, 125, 132)",street_images/5_8.webp
248,,"(61, 59, 56)","(32, 35, 43)",street_images/5_9.webp
249,,"(73, 73, 90)","(174, 176, 185)",street_images/5_10.webp
250,,"(29, 27, 28)","(168, 153, 145)",street_images/5_11.webp
251,,"(78, 71, 70)","(60, 49, 46)",street_images/5_12.webp
252,,"(169, 165, 164)","(82, 103, 114)",street_images/5_13.webp
253,,"(77, 104, 95)","(120, 110, 114)",street_images/5_14.webp
254,,"(122, 88, 65)","(117, 95, 81)",street_images/5_15.webp
255,,"(41, 33, 30)","(93, 79, 76)",street_images/5_16.webp
256,,"(44, 40, 43)","(84, 80, 79)",street_images/5_17.webp
257,,"(113, 115, 125)","(149, 141, 150)",street_images/5_18.webp
258,,"(80, 64, 58)","(130, 121, 124)",street_images/5_19.webp
259,,"(42, 46, 54)","(77, 95, 120)",street_images/5_20.webp
260,,"(64, 59, 66)","(193, 170, 164)",street_images/5_21.webp
261,,"(98, 99, 114)","(106, 105, 126)",street_images/5_22.webp
262,,"(91, 93, 106)","(137, 135, 162)",street_images/5_23.webp
263,,"(75, 72, 77)",,street_images/5_24.webp
264,,"(115, 104, 114)","(108, 109, 121)",street_images/5_25.webp
265,,"(25, 30, 37)","(78, 80, 85)",street_images/5_26.webp
266,,"(128, 122, 136)","(101, 90, 91)",street_images/5_27.webp
267,,"(126, 137, 164)","(107, 144, 187)",street_images/5_28.webp
268,,"(45, 41, 43)","(37, 31, 32)",street_images/5_29.webp
269,,"(49, 122, 208)","(66, 65, 83)",street_images/5_30.webp
270,,"(55, 62, 76)","(93, 80, 83)",street_images/5_31.webp
271,,"(66, 63, 78)","(113, 116, 122)",street_images/5_33.webp
272,,"(104, 101, 116)","(98, 93, 79)",street_images/5_34.webp
273,,"(31, 28, 31)",,street_images/5_35.webp
274,,"(111, 128, 148)","(144, 139, 133)",street_images/5_36.webp
275,,"(109, 93, 84)","(62, 58, 61)",street_images/5_37.webp
276,,"(105, 90, 89)","(53, 53, 55)",street_images/5_38.webp
277,,"(43, 38, 37)","(123, 104, 98)",street_images/5_39.webp
278,,"(55, 52, 66)","(116, 104, 113)",street_images/5_40.webp
279,,"(75, 76, 85)","(134, 125, 121)",street_images/5_41.webp
280,,"(86, 82, 84)","(30, 34, 45)",street_images/5_42.webp
281,,"(66, 70, 88)","(82, 92, 111)",street_images/5_43.webp
282,,"(95, 100, 114)","(197, 183, 193)",street_images/5_44.webp
283,,"(62, 44, 56)","(64, 69, 78)",street_images/5_45.webp
284,,"(81, 77, 86)","(114, 107, 110)",street_images/5_46.webp
285,,"(70, 24, 34)","(140, 131, 122)",street_images/5_47.webp
286,,"(64, 65, 74)","(84, 80, 87)",street_images/5_48.webp
287,,"(43, 43, 47)","(55, 52, 49)",street_images/5_49.webp
288,,"(69, 77, 93)","(29, 39, 54)",street_images/5_50.webp
289,,"(127, 144, 180)","(76, 101, 133)",street_images/5_51.webp
290,,"(88, 99, 116)","(162, 163, 174)",street_images/5_52.webp
291,,"(123, 126, 139)","(69, 67, 71)",street_images/5_53.webp
292,,"(40, 38, 42)","(39, 40, 46)",street_images/5_54.webp
293,,"(86, 76, 79)","(70, 65, 67)",street_images/5_55.webp
294,,"(93, 95, 101)","(77, 86, 94)",street_images/5_56.webp
295,,"(154, 171, 193)","(61, 71, 89)",street_images/5_57.webp
296,,"(112, 104, 95)","(53, 59, 75)",street_images/5_58.webp
297,,"(35, 35, 39)","(50, 53, 47)",street_images/5_59.webp
298,,"(75, 69, 67)","(123, 106, 97)",street_images/6_0.webp
299,,"(55, 55, 57)","(82, 77, 75)",street_images/6_1.webp
300,,"(45, 56, 81)","(61, 52, 51)",street_images/6_2.webp
301,,"(224, 225, 230)","(198, 199, 214)",street_images/6_3.webp
302,,"(70, 63, 59)","(171, 158, 148)",street_images/6_4.webp
303,,"(55, 55, 60)","(165, 170, 179)",street_images/6_5.webp
304,,"(69, 64, 63)","(119, 102, 92)",street_images/6_6.webp
305,,"(83, 87, 97)","(145, 134, 126)",street_images/6_7.webp
306,,"(72, 68, 76)","(96, 101, 97)",street_images/6_8.webp
307,,"(137, 135, 125)","(60, 55, 55)",street_images/6_9.webp
308,,"(81, 72, 68)","(105, 90, 77)",street_images/6_10.webp
309,,"(90, 91, 100)","(105, 96, 97)",street_images/6_11.webp
310,,"(64, 49, 48)","(96, 75, 64)",street_images/6_12.webp
311,,"(73, 63, 61)","(44, 44, 46)",street_images/6_13.webp
312,,"(61, 63, 63)","(70, 75, 82)",street_images/6_14.webp
313,,"(102, 96, 95)","(72, 69, 72)",street_images/6_15.webp
314,,"(65, 65, 66)","(137, 123, 97)",street_images/6_16.webp
315,,"(151, 159, 174)","(161, 162, 171)",street_images/6_17.webp
316,,"(117, 111, 106)","(78, 25, 31)",street_images/6_18.webp
317,,"(156, 154, 164)","(33, 37, 45)",street_images/6_19.webp
318,,"(61, 59, 61)","(63, 61, 59)",street_images/6_20.webp
319,,"(96, 96, 98)","(66, 64, 68)",street_images/6_21.webp
320,,"(80, 91, 104)","(46, 55, 67)",street_images/6_22.webp
321,,"(135, 127, 132)","(88, 87, 93)",street_images/6_23.webp
322,,"(75, 85, 90)","(161, 153, 111)",street_images/6_24.webp
323,,"(40, 43, 49)","(84, 79, 83)",street_images/6_25.webp
324,,"(42, 35, 35)","(66, 60, 61)",street_images/6_26.webp
325,,"(45, 42, 39)","(215, 201, 189)",street_images/6_27.webp
326,,"(106, 74, 55)","(107, 97, 90)",street_images/6_28.webp
327,,"(47, 51, 62)","(104, 102, 106)",street_images/6_29.webp
328,,"(103, 105, 122)","(123, 118, 111)",street_images/6_30.webp
329,,"(138, 120, 112)","(202, 194, 172)",street_images/6_31.webp
330,,"(53, 50, 55)","(63, 60, 59)",street_images/6_32.webp
331,,"(45, 44, 48)","(51, 50, 55)",street_images/6_33.webp
332,,"(62, 56, 65)",,street_images/6_34.webp
333,,"(97, 90, 92)","(46, 42, 40)",street_images/6_35.webp
334,,"(203, 196, 193)","(137, 124, 117)",street_images/6_36.webp
335,,"(72, 71, 82)","(71, 70, 82)",street_images/6_37.webp
336,,"(56, 52, 50)","(130, 125, 122)",street_images/6_38.webp
337,,"(69, 64, 63)","(119, 102, 92)",street_images/6_39.webp
338,,"(169, 77, 92)","(46, 46, 52)",street_images/6_40.webp
339,,"(49, 51, 63)","(79, 69, 67)",street_images/6_41.webp
340,,"(62, 60, 60)","(74, 72, 69)",street_images/6_42.webp
341,,"(72, 63, 64)",,street_images/6_43.webp
342,,"(134, 131, 135)","(59, 58, 66)",street_images/6_44.webp
343,,"(61, 58, 59)","(109, 99, 95)",street_images/6_45.webp
344,,"(44, 48, 67)","(51, 47, 50)",street_images/6_46.webp
345,,"(48, 47, 53)","(134, 112, 87)",street_images/6_47.webp
346,,"(98, 87, 76)","(32, 31, 32)",street_images/6_48.webp
347,,"(140, 131, 125)","(176, 140, 121)",street_images/6_49.webp
348,,"(71, 67, 62)","(121, 107, 92)",street_images/6_50.webp
349,,"(159, 152, 145)","(69, 67, 72)",street_images/6_51.webp
350,,"(61, 64, 63)","(89, 84, 74)",street_images/6_52.webp
351,,"(30, 31, 30)","(67, 72, 76)",street_images/6_53.webp
352,,"(81, 82, 96)","(85, 84, 90)",street_images/6_54.webp
353,,"(211, 200, 180)","(131, 130, 123)",street_images/6_55.webp
354,,"(72, 73, 63)","(79, 86, 74)",street_images/6_56.webp
355,,"(199, 168, 158)",,street_images/6_57.webp
356,,"(105, 108, 99)","(151, 152, 153)",street_images/6_58.webp
357,,"(55, 55, 63)","(145, 149, 156)",street_images/6_59.webp
358,,"(94, 91, 92)","(81, 75, 77)",street_images/7_0.webp
359,,"(58, 61, 65)","(98, 96, 95)",street_images/7_1.webp
360,,"(66, 48, 51)","(56, 56, 59)",street_images/7_2.webp
361,,"(99, 109, 112)","(147, 152, 157)",street_images/7_3.webp
362,,"(61, 55, 54)","(75, 76, 79)",street_images/7_4.webp
363,,"(181, 176, 176)","(34, 31, 33)",street_images/7_5.webp
364,,"(56, 57, 63)","(52, 80, 92)",street_images/7_6.webp
365,,"(157, 154, 148)","(125, 111, 109)",street_images/7_7.webp
366,,"(134, 135, 148)","(119, 122, 139)",street_images/7_8.webp
367,,"(57, 49, 53)","(92, 89, 93)",street_images/7_9.webp
368,,"(152, 139, 127)","(119, 114, 111)",street_images/7_10.webp
369,,"(107, 109, 115)","(67, 69, 76)",street_images/7_11.webp
370,,"(184, 172, 165)","(117, 139, 156)",street_images/7_12.webp
371,,"(51, 68, 103)","(35, 36, 45)",street_images/7_13.webp
372,,"(50, 54, 70)","(89, 83, 79)",street_images/7_14.webp
373,,"(103, 92, 78)",,street_images/7_15.webp
374,,"(141, 149, 151)","(125, 168, 153)",street_images/7_16.webp
375,,"(140, 148, 157)",,street_images/7_17.webp
376,,"(101, 103, 112)","(101, 103, 108)",street_images/7_18.webp
377,,"(62, 67, 82)","(102, 110, 118)",street_images/7_19.webp
378,,"(92, 90, 90)","(98, 74, 105)",street_images/7_20.webp
379,,"(157, 143, 132)","(143, 132, 127)",street_images/7_21.webp
380,,"(31, 26, 26)","(136, 129, 130)",street_images/7_22.webp
381,,"(118, 111, 112)","(97, 93, 93)",street_images/7_23.webp
382,,"(175, 177, 180)","(70, 84, 99)",street_images/7_24.webp
383,,"(87, 91, 97)","(88, 77, 76)",street_images/7_25.webp
384,,"(122, 113, 93)","(62, 81, 104)",street_images/7_26.webp
385,,"(87, 80, 64)",,street_images/7_27.webp
386,,"(30, 28, 23)","(47, 46, 40)",street_images/7_28.webp
387,,"(91, 87, 80)","(77, 68, 61)",street_images/7_29.webp
388,,"(207, 198, 194)",,street_images/7_30.webp
389,,"(58, 55, 55)","(44, 40, 40)",street_images/7_31.webp
390,,"(118, 101, 91)","(116, 106, 98)",street_images/7_32.webp
391,,"(90, 103, 100)","(58, 61, 63)",street_images/7_33.webp
392,,"(67, 66, 69)","(114, 116, 121)",street_images/7_34.webp
393,,"(69, 50, 39)","(64, 43, 31)",street_images/7_35.webp
394,,"(150, 133, 122)",,street_images/7_36.webp
395,,"(54, 40, 36)","(52, 48, 48)",street_images/7_37.webp
396,,"(43, 50, 62)",,street_images/7_38.webp
397,,"(149, 143, 140)","(91, 87, 87)",street_images/7_39.webp
398,,"(133, 131, 140)","(92, 89, 96)",street_images/7_40.webp
399,,"(48, 42, 36)","(16, 14, 12)",street_images/7_41.webp
400,,"(152, 127, 122)",,street_images/7_42.webp
401,,"(60, 59, 62)","(73, 64, 71)",street_images/7_43.webp
402,,"(67, 66, 78)","(188, 185, 192)",street_images/7_44.webp
403,,"(193, 167, 135)","(171, 145, 126)",street_images/7_45.webp
404,,"(42, 40, 40)","(30, 30, 31)",street_images/7_46.webp
405,,"(18, 57, 140)","(52, 54, 59)",street_images/7_47.webp
406,,"(134, 119, 109)",,street_images/7_48.webp
407,,"(89, 106, 112)","(31, 32, 36)",street_images/7_49.webp
408,,"(74, 79, 84)",,street_images/7_50.webp
409,,"(62, 64, 69)","(68, 70, 73)",street_images/7_51.webp
410,,"(51, 48, 47)","(87, 87, 89)",street_images/7_52.webp
411,,"(69, 53, 45)","(115, 116, 91)",street_images/7_53.webp
412,,"(82, 75, 72)","(101, 97, 97)",street_images/7_54.webp
413,,"(45, 42, 42)",,street_images/7_55.webp
414,,"(198, 191, 165)","(200, 197, 193)",street_images/7_56.webp
415,,"(83, 89, 42)","(90, 86, 77)",street_images/7_57.webp
416,,"(38, 43, 48)","(30, 34, 41)",street_images/7_58.webp
417,,"(42, 42, 50)","(98, 115, 145)",street_images/7_59.webp
418,,"(83, 89, 42)","(90, 86, 77)",street_images/8_0.webp
419,,"(99, 96, 93)","(68, 52, 47)",street_images/8_1.webp
420,,"(67, 61, 56)","(29, 27, 26)",street_images/8_2.webp
421,,"(129, 108, 96)","(54, 46, 46)",street_images/8_3.webp
422,,"(122, 108, 102)","(59, 64, 70)",street_images/8_10.webp
423,,"(132, 140, 159)","(52, 55, 58)",street_images/8_11.webp
424,,"(70, 61, 54)","(75, 75, 81)",street_images/8_12.webp
425,,"(53, 49, 54)","(111, 117, 131)",street_images/8_13.webp
426,,"(68, 85, 99)","(32, 33, 35)",street_images/8_14.webp
427,,"(125, 122, 117)","(88, 87, 97)",street_images/8_15.webp
428,,"(86, 73, 84)","(103, 128, 162)",street_images/8_16.webp
429,,"(25, 35, 50)","(73, 92, 120)",street_images/8_17.webp
430,,"(56, 64, 67)","(73, 72, 70)",street_images/8_18.webp
431,,"(53, 58, 71)","(70, 72, 60)",street_images/8_19.webp
432,,"(45, 48, 55)","(36, 38, 42)",street_images/8_20.webp
433,,"(85, 92, 100)","(88, 109, 130)",street_images/8_21.webp
434,,"(113, 97, 100)",,street_images/8_22.webp
435,,"(37, 37, 41)","(41, 42, 46)",street_images/8_23.webp
436,,"(83, 89, 93)","(75, 78, 81)",street_images/8_24.webp
437,,"(166, 121, 89)","(79, 66, 55)",street_images/8_25.webp
438,,"(113, 115, 114)","(49, 54, 64)",street_images/8_26.webp
439,,"(203, 200, 202)",,street_images/8_27.webp
440,,"(162, 28, 47)","(138, 118, 98)",street_images/8_28.webp
441,,"(56, 53, 57)","(121, 103, 98)",street_images/8_29.webp
442,,"(72, 88, 118)","(114, 126, 142)",street_images/8_30.webp
443,,"(102, 92, 100)",,street_images/8_31.webp
444,,"(117, 126, 119)","(29, 52, 83)",street_images/8_32.webp
445,,"(68, 58, 56)","(38, 40, 44)",street_images/8_33.webp
446,,"(88, 82, 78)","(98, 100, 98)",street_images/10_0.webp
447,,"(57, 59, 59)","(50, 52, 57)",street_images/10_1.webp
448,,"(110, 61, 66)","(141, 143, 138)",street_images/10_2.webp
449,,"(115, 130, 153)","(62, 61, 53)",street_images/10_3.webp
450,,"(116, 138, 159)","(119, 67, 65)",street_images/10_4.webp
451,,"(100, 83, 54)",,street_images/10_5.webp
452,,"(88, 97, 108)","(53, 48, 50)",street_images/10_6.webp
453,,"(80, 74, 75)","(88, 105, 123)",street_images/10_7.webp
454,,"(25, 29, 36)","(41, 45, 50)",street_images/10_8.webp
455,,"(66, 70, 77)","(44, 46, 49)",street_images/10_9.webp
456,,"(62, 69, 84)","(64, 74, 91)",street_images/10_10.webp
457,,"(187, 174, 167)","(137, 127, 129)",street_images/10_11.webp
458,,"(79, 79, 86)","(85, 83, 86)",street_images/10_12.webp
459,,"(104, 97, 99)","(76, 70, 74)",street_images/10_13.webp
460,,"(59, 58, 63)","(35, 33, 35)",street_images/10_14.webp
461,,"(55, 54, 69)","(180, 121, 132)",street_images/10_15.webp
462,,"(181, 169, 190)","(162, 84, 88)",street_images/10_17.webp
463,,"(53, 51, 52)","(68, 68, 70)",street_images/10_18.webp
464,,"(23, 25, 30)",,street_images/10_19.webp
465,,"(97, 96, 100)","(101, 97, 95)",street_images/10_20.webp
466,,"(50, 50, 61)","(101, 90, 93)",street_images/10_21.webp
467,,"(106, 95, 96)","(185, 149, 166)",street_images/10_22.webp
468,,"(49, 44, 54)","(53, 86, 112)",street_images/10_23.webp
469,,"(47, 56, 72)","(103, 100, 94)",street_images/10_24.webp
470,,"(110, 114, 119)","(44, 51, 65)",street_images/10_25.webp
471,,"(100, 82, 83)","(71, 67, 72)",street_images/10_26.webp
472,,"(100, 116, 140)","(58, 57, 63)",street_images/10_27.webp
473,,"(42, 28, 28)","(30, 28, 28)",street_images/10_28.webp
474,,"(84, 81, 80)","(48, 46, 48)",street_images/10_29.webp
475,,"(105, 106, 96)","(122, 118, 108)",street_images/10_30.webp
476,,"(58, 60, 65)","(34, 35, 38)",street_images/10_31.webp
477,,"(130, 129, 123)","(126, 129, 134)",street_images/10_32.webp
478,,"(53, 48, 50)","(57, 62, 41)",street_images/10_33.webp
479,,"(214, 201, 191)","(178, 164, 155)",street_images/10_34.webp
480,,"(114, 106, 105)","(71, 70, 76)",street_images/10_35.webp
481,,"(113, 108, 102)","(135, 119, 108)",street_images/10_36.webp
482,,"(188, 182, 182)","(72, 70, 76)",street_images/10_37.webp
483,,"(87, 86, 99)","(85, 83, 93)",street_images/10_38.webp
484,,"(55, 54, 52)","(49, 47, 48)",street_images/10_39.webp
485,,"(64, 61, 63)","(166, 167, 174)",street_images/10_40.webp
486,,"(107, 102, 101)","(43, 43, 46)",street_images/10_41.webp
487,,"(194, 176, 157)","(83, 86, 90)",street_images/10_42.webp
488,,"(18, 27, 36)","(140, 142, 143)",street_images/10_43.webp
489,,"(65, 60, 62)","(45, 52, 64)",street_images/10_44.webp
490,,"(206, 191, 181)","(88, 65, 48)",street_images/10_45.webp
491,,"(165, 147, 127)",,street_images/10_46.webp
492,,"(66, 64, 66)","(74, 72, 64)",street_images/10_47.webp
493,,"(94, 99, 94)","(67, 90, 111)",street_images/10_48.webp
494,,"(68, 72, 77)","(24, 27, 31)",street_images/10_49.webp
495,,"(61, 65, 77)","(107, 98, 107)",street_images/10_50.webp
496,,"(45, 47, 52)","(104, 102, 94)",street_images/10_51.webp
497,,"(133, 80, 85)","(78, 82, 88)",street_images/10_52.webp
498,,"(100, 82, 83)","(71, 67, 72)",street_images/10_53.webp
499,,"(33, 45, 63)","(159, 132, 123)",street_images/10_54.webp
500,,"(91, 81, 82)","(82, 70, 71)",street_images/10_55.webp
501,,"(121, 119, 142)","(69, 80, 107)",street_images/10_56.webp
502,,"(192, 192, 203)","(120, 125, 131)",street_images/10_57.webp
503,,"(71, 81, 93)","(182, 158, 104)",street_images/10_58.webp
504,,"(135, 127, 132)","(90, 95, 105)",street_images/10_59.webp
